roundID,text,playerID,director
01J1QPCNFXHSY8Y3S5XQJ43MSK,pointy upowards triangle negative space,01J1QPAS1AJNDX5MJTBT0JZSV4,t
01J1QPCNH2YV9RKV3Z4VECCH4D,looks like pants,01J1QP8C29WJBEG0WK3V9HD36V,t
01J1QPCNH3VEWD63P15GACD0JE,"castle wall on top, skinny at bottom",01J1QP8C29WJBEG0WK3V9HD36V,t
01J1QPCNH46FMWBZCZW5K0BPAM,castle walls again!,01J1QPAS1AJNDX5MJTBT0JZSV4,t
01J1QPCNH46FMWBZCZX51FH6FA,buttplug :'),01J1QPAS1AJNDX5MJTBT0JZSV4,t
01J1QPCNH46FMWBZCZY28R41R5,flower like with three points on top,01J1QP8C29WJBEG0WK3V9HD36V,t
01J1QPCNH52CY1WB9GPP53CKGF,the pants one?,01J1QP8C29WJBEG0WK3V9HD36V,f
01J1QPCNH52CY1WB9GPP53CKGF,"triangle bottom section, flat top",01J1QPAS1AJNDX5MJTBT0JZSV4,t
01J1QPCNH52CY1WB9GPP53CKGF,looks liek pants,01J1QPAS1AJNDX5MJTBT0JZSV4,t
01J1QPCNH52CY1WB9GQMP2XTCV,cup on fire!,01J1QPAS1AJNDX5MJTBT0JZSV4,t
01J1QPCNH52CY1WB9GRG2DNCTY,castle wall top triangle bottom,01J1QPAS1AJNDX5MJTBT0JZSV4,t
01J1QPCNH6B5YCC45D8QGCA7S1,wine cup,01J1QP8C29WJBEG0WK3V9HD36V,t
01J1QPCNH6B5YCC45D9F2G6SMQ,wine cup!,01J1QPAS1AJNDX5MJTBT0JZSV4,t
01J1QPCNH7RSBF5X2VM7B1G7EX,rectangle with a crown,01J1QPAS1AJNDX5MJTBT0JZSV4,t
01J1QPCNH7RSBF5X2VMTZW3H6G,castle top,01J1QP8C29WJBEG0WK3V9HD36V,t
01J1QPCNH7RSBF5X2VNQKHJVD6,round flower,01J1QP8C29WJBEG0WK3V9HD36V,t
01J1QPCNH8J8B7EJWF0342JXFC,3 pointy things on top,01J1QP8C29WJBEG0WK3V9HD36V,t
01J1QPCNH8J8B7EJWF0WDCHVDH,anything else?,01J1QP8C29WJBEG0WK3V9HD36V,f
01J1QPCNH8J8B7EJWF0WDCHVDH,pointy top?,01J1QP8C29WJBEG0WK3V9HD36V,f
01J1QPCNH8J8B7EJWF0WDCHVDH,broken vase,01J1QPAS1AJNDX5MJTBT0JZSV4,t
01J1QPCNH8J8B7EJWF0WDCHVDH,vase with chip in bottom right corner,01J1QPAS1AJNDX5MJTBT0JZSV4,t
01J1QPCNH8J8B7EJWF0WDCHVDH,flat top,01J1QPAS1AJNDX5MJTBT0JZSV4,t
01J1QPCNH9FJT6QSENPXXB96TY,looks like eagle,01J1QP8C29WJBEG0WK3V9HD36V,t
01J1QPCNH9FJT6QSENQTBJ5PBT,wine cup,01J1QPAS1AJNDX5MJTBT0JZSV4,t
01J1QPCNH9FJT6QSENRQF5WF2Q,3 pointy things on top,01J1QP8C29WJBEG0WK3V9HD36V,t
01J1QPCNHA1V3XN348XP5PDVQM,cracked vase,01J1QPAS1AJNDX5MJTBT0JZSV4,t
01J1QPCNHA1V3XN348YDA3MRSW,round flower,01J1QP8C29WJBEG0WK3V9HD36V,t
01J1QPCNHA1V3XN348Z76V1N40,castle top,01J1QP8C29WJBEG0WK3V9HD36V,t
01J1QPCNHBY9W77NXKN9VTP9BY,3 pointy things on top,01J1QP8C29WJBEG0WK3V9HD36V,t
01J1QPCNHBY9W77NXKP1CF7JJJ,pants,01J1QPAS1AJNDX5MJTBT0JZSV4,t
01J1QPCNHCNVGXYJ9NWM1KZYJ6,3 points on top,01J1QPAS1AJNDX5MJTBT0JZSV4,t
01J1QPCNHCNVGXYJ9NXDQ43W57,flat top with skinny stem,01J1QP8C29WJBEG0WK3V9HD36V,t
01J1QPCNHDE0GX35KH77JZJYG5,eagle,01J1QP8C29WJBEG0WK3V9HD36V,t
01J1QPCNHDE0GX35KH7W0AH8KC,pointy flower,01J1QPAS1AJNDX5MJTBT0JZSV4,t
01J1QPCNHF1E3A9M143Y02Z7GM,castle top,01J1QP8C29WJBEG0WK3V9HD36V,t
01J1QPCNHGAZMZV2VTXGQY2FCA,buttplug :'),01J1QPAS1AJNDX5MJTBT0JZSV4,t
01J1QPCNHGAZMZV2VTY4SQP5S1,castle,01J1QPAS1AJNDX5MJTBT0JZSV4,t
01J1QPCNHHQG95S3ZPTJ5XBTWV,castle top,01J1QP8C29WJBEG0WK3V9HD36V,t
01J1QPCNHJ5VJPFQPN0PQ6M725,castle,01J1QPAS1AJNDX5MJTBT0JZSV4,t
01J1QPCNHKDW86WHAQVA9TWH6R,flat top with skinny stem,01J1QP8C29WJBEG0WK3V9HD36V,t
01J1QPCNHKDW86WHAQW18JM1T0,plug,01J1QPAS1AJNDX5MJTBT0JZSV4,t
01J1QPCNHM8BMY54Z24K7XC8YP,flower,01J1QPAS1AJNDX5MJTBT0JZSV4,t
01J1QPCNHM8BMY54Z25EK82S48,3 pointy things on top,01J1QP8C29WJBEG0WK3V9HD36V,t
01J1QPCNHM8BMY54Z2675X2VAY,3 pointy things on top,01J1QP8C29WJBEG0WK3V9HD36V,t
01J1QPCNHNJ48YV2E0FAFZPF9V,cracked vasew,01J1QPAS1AJNDX5MJTBT0JZSV4,t
01J1QPCNHNJ48YV2E0G59297N6,castle,01J1QPAS1AJNDX5MJTBT0JZSV4,t
01J1QPCNHP59519E044P5FC944,pointy top,01J1QP8C29WJBEG0WK3V9HD36V,t
01J1QPCNHP59519E045ES1E69E,eagle,01J1QP8C29WJBEG0WK3V9HD36V,t
01J1QPCNHP59519E0469HVT7SK,castle,01J1QPAS1AJNDX5MJTBT0JZSV4,t
01J1QPCNHQ3YJ6B8TFDRESEJP2,castle,01J1QP8C29WJBEG0WK3V9HD36V,t
01J1QPCNHQ3YJ6B8TFEE76CTDH,pointy top,01J1QPAS1AJNDX5MJTBT0JZSV4,t
01J1QPCNHQ3YJ6B8TFFBAPA30V,cup,01J1QPAS1AJNDX5MJTBT0JZSV4,t
01J1QPCNHR03WE3V6AJE9ZSC32,pants,01J1QP8C29WJBEG0WK3V9HD36V,t
01J1QPCNHR03WE3V6AK45VR8FZ,piunty,01J1QPAS1AJNDX5MJTBT0JZSV4,t
01J1QPCNHR03WE3V6AM735JEC0,pointy,01J1QP8C29WJBEG0WK3V9HD36V,t
01J1QPCNHS2X908MRJDYDRE0FH,pants,01J1QP8C29WJBEG0WK3V9HD36V,t
01J1QPCNHVSY2G6JYGWTVT8XZ0,castle,01J1QPAS1AJNDX5MJTBT0JZSV4,t
01J1QPCNHVSY2G6JYGXMVD8KA7,eagle,01J1QPAS1AJNDX5MJTBT0JZSV4,t
01J1QPCNHVSY2G6JYGYJY8MCP6,eagle,01J1QP8C29WJBEG0WK3V9HD36V,t
01J1QPCNHVSY2G6JYGYJY8MCP6,with flat head,01J1QP8C29WJBEG0WK3V9HD36V,t
01J1QPCNHW0YQ24BVJ0EYXMWHR,pants,01J1QP8C29WJBEG0WK3V9HD36V,t
01J1QPCNHW0YQ24BVJ168YBPZA,cup,01J1QPAS1AJNDX5MJTBT0JZSV4,t
01J1QPCNHW0YQ24BVJ2564GSB2,castle,01J1QP8C29WJBEG0WK3V9HD36V,t
01J1QPCNHX9B0DM2BMH9KED9RK,pants,01J1QP8C29WJBEG0WK3V9HD36V,t
01J1QPCNHX9B0DM2BMJ7AP05W8,flower,01J1QP8C29WJBEG0WK3V9HD36V,t
01J1QPCNHYP4NX8F88RPGJ0FZW,castle,01J1QPAS1AJNDX5MJTBT0JZSV4,t
01J1QPCNHYP4NX8F88S86KYDTV,plugi,01J1QPAS1AJNDX5MJTBT0JZSV4,t
01J1QPCNHYP4NX8F88T22ZC47D,castle,01J1QP8C29WJBEG0WK3V9HD36V,t
01J1QPCNHZYQHWAQQYQCBDFDDN,eagel ina  party hat,01J1QPAS1AJNDX5MJTBT0JZSV4,t
01J1QPCNHZYQHWAQQYR7SCF3Z1,pointy top,01J1QP8C29WJBEG0WK3V9HD36V,t
01J1QPCNJ1ZJ8R3BN7KWZ7EN1E,flower,01J1QPAS1AJNDX5MJTBT0JZSV4,t
01J1QPENZADJYE6ZYHZNPX6BRC,Spikey top image,01J1QP70Q80X396GT32EZF7VE8,t
01J1QPENZADJYE6ZYHZNPX6BRC,three spikes,01J1QP70Q80X396GT32EZF7VE8,t
01J1QPENZADJYE6ZYJ07D9M2WJ,the image has three vertical rectangles,01J1QP70Q80X396GT32EZF7VE8,t
01J1QPENZBTKESBK54TVSY4R7E,hello! the shape looks like the mouth is open,01J1QNZ0DKKHXW52G0NBBS75Y0,t
01J1QPENZBTKESBK54TVSY4R7E,facing the right,01J1QNZ0DKKHXW52G0NBBS75Y0,t
01J1QPENZBTKESBK54TVSY4R7E,Describe the image please.,01J1QP70Q80X396GT32EZF7VE8,f
01J1QPENZN88BN1J7EGWQ1BQE8,it appears to be a shadow of a dog,01J1QNZ0DKKHXW52G0NBBS75Y0,t
01J1QPENZN88BN1J7EGWQ1BQE8,"The previous one was right, weird",01J1QP70Q80X396GT32EZF7VE8,f
01J1QPENZPMP15FV4YCSJCR7KW,it looks like a chicken head,01J1QNZ0DKKHXW52G0NBBS75Y0,t
01J1QPENZPMP15FV4YCSJCR7KW,fuzzy beard,01J1QNZ0DKKHXW52G0NBBS75Y0,t
01J1QPENZPMP15FV4YCSJCR7KW,mouth facing left,01J1QNZ0DKKHXW52G0NBBS75Y0,t
01J1QPENZRS6DKB0CMFHGKF0QY,the only thing with two vertical rectangles,01J1QP70Q80X396GT32EZF7VE8,t
01J1QPENZRS6DKB0CMFHGKF0QY,on it's head,01J1QP70Q80X396GT32EZF7VE8,t
01J1QPENZSF4AM5J940S5C416P,the one that looks most like a human head,01J1QP70Q80X396GT32EZF7VE8,t
01J1QPENZTN353FWFMJFVMFTHF,the one with the largest straight line,01J1QNZ0DKKHXW52G0NBBS75Y0,t
01J1QPENZTN353FWFMKJB3RXBF,the one that looks like a little person jumping with their arms up,01J1QP70Q80X396GT32EZF7VE8,t
01J1QPENZVDZH07EBQB3ZTZXTJ,looks like its wearing a top hat,01J1QNZ0DKKHXW52G0NBBS75Y0,t
01J1QPENZVDZH07EBQB3ZTZXTJ,on the left side of its head,01J1QNZ0DKKHXW52G0NBBS75Y0,t
01J1QPEP02Z32PDE5TCJNFV8W1,diamond head,01J1QNZ0DKKHXW52G0NBBS75Y0,t
01J1QPEP0344EB9EZS8WSNWBQS,the pelvis again,01J1QP70Q80X396GT32EZF7VE8,t
01J1QPEP0AYHHK5XVM2M4TP9DH,elf ear thing again,01J1QP70Q80X396GT32EZF7VE8,t
01J1QPEP0B73EY6KCSQFTK0B4R,overall,01J1QP70Q80X396GT32EZF7VE8,t
01J1QPEP0FG2MV4RC5QGB5GWH4,dog,01J1QNZ0DKKHXW52G0NBBS75Y0,t
01J1QPEP0GWXAN79ZZE4QPDSCX,dog thing,01J1QP70Q80X396GT32EZF7VE8,t
01J1QPEP0HB0XXPYWAA6VC58JS,looks like a faucet,01J1QNZ0DKKHXW52G0NBBS75Y0,t
01J1QPEP0HB0XXPYWAARKP8P1N,diamond,01J1QP70Q80X396GT32EZF7VE8,t
01J1QPEP0J12F9V9NDQ0MHAS04,the humanish head again,01J1QP70Q80X396GT32EZF7VE8,t
01J1QPEP0J12F9V9NDQQ78Q90K,looks like its wearing a crown,01J1QNZ0DKKHXW52G0NBBS75Y0,t
01J1QPEP0J12F9V9NDQQ78Q90K,three points on top,01J1QNZ0DKKHXW52G0NBBS75Y0,t
01J1QPEP0K6TGE29RD6PBER5VG,chicken head,01J1QNZ0DKKHXW52G0NBBS75Y0,t
01J1QPEP0K6TGE29RD7GMXFNDM,looks like a pelvis,01J1QNZ0DKKHXW52G0NBBS75Y0,t
01J1QPEP0M82RTKBN4Z2VKG46X,top hat again,01J1QNZ0DKKHXW52G0NBBS75Y0,t
01J1QPEP0M82RTKBN4ZYZ495MB,crab lookin thing,01J1QP70Q80X396GT32EZF7VE8,t
01J1QPEP0NX81PHRSMJNYCXJSM,The one that is  NOT symmetrical. NOT the point one,01J1QP70Q80X396GT32EZF7VE8,t
01J1QPEP0NX81PHRSMJNYCXJSM,not thepointy one***,01J1QP70Q80X396GT32EZF7VE8,t
01J1QPEP0P2C90QHV24QGBEJAV,alligator,01J1QP70Q80X396GT32EZF7VE8,t
01J1QPEP0QZ6QPT1SB8RKSACDT,looks like overalls,01J1QNZ0DKKHXW52G0NBBS75Y0,t
01J1QPEP0QZ6QPT1SB9R453CR3,faucet,01J1QNZ0DKKHXW52G0NBBS75Y0,t
01J1QPEP0R42SR6Z9ZRH99JKK1,triangle head with two rectangle feet coming out of a triangle,01J1QP70Q80X396GT32EZF7VE8,t
01J1QPEP0R42SR6Z9ZSC98TSHK,person reaching for hug,01J1QNZ0DKKHXW52G0NBBS75Y0,t
01J1QPEP0SGPW4PFMXCKMKH69H,crab,01J1QP70Q80X396GT32EZF7VE8,t
01J1QPEP0TB17WQ2YFKHSJQ325,looks like it has elf ears,01J1QNZ0DKKHXW52G0NBBS75Y0,t
01J1QPEP0TB17WQ2YFKHSJQ325,pointy head,01J1QNZ0DKKHXW52G0NBBS75Y0,t
01J1QPEP0TB17WQ2YFM71Z0RFM,top hat,01J1QNZ0DKKHXW52G0NBBS75Y0,t
01J1QPEP0VHQ916TMV83N2DXT8,resembles a crab,01J1QNZ0DKKHXW52G0NBBS75Y0,t
01J1QPEP0VHQ916TMV8M7N2N5E,largest straight line,01J1QNZ0DKKHXW52G0NBBS75Y0,t
01J1QPEP0W2V5VPNWHKMFWAYXR,looks like a person reaching out for a hug,01J1QNZ0DKKHXW52G0NBBS75Y0,t
01J1QPEP0W2V5VPNWHKMFWAYXR,small legs,01J1QNZ0DKKHXW52G0NBBS75Y0,t
01J1QPEP0XHBQPB895S5BWGRMB,top hat,01J1QP70Q80X396GT32EZF7VE8,t
01J1QPEP0XHBQPB895STB3W26B,the open mouth thing thing with the square upper lip,01J1QP70Q80X396GT32EZF7VE8,t
01J1QPEP0YJ5WPCK22F3J7SX7W,human head,01J1QP70Q80X396GT32EZF7VE8,t
01J1QPEP0ZGKNG1VCA1YXQDZB5,three squares on top,01J1QNZ0DKKHXW52G0NBBS75Y0,t
01J1QPEP0ZGKNG1VCA2X6PV7SK,overalls,01J1QP70Q80X396GT32EZF7VE8,t
01J1QPEP10QVCFJC8WF9HJNFAS,spike coming from diagonal rectangle,01J1QP70Q80X396GT32EZF7VE8,t
01J1QPEP117YF9DEXNT6QEC2YA,squished diamond head,01J1QP70Q80X396GT32EZF7VE8,t
01J1QPEP12A2MX3DMG0YJ2ZZRV,chicken head,01J1QNZ0DKKHXW52G0NBBS75Y0,t
01J1QPEP12A2MX3DMG20G6C1A3,pelvis,01J1QP70Q80X396GT32EZF7VE8,t
01J1QPEP13MVA7JGNV3J2H0X16,diamond head,01J1QP70Q80X396GT32EZF7VE8,t
01J1QPEP13MVA7JGNV4FG3EGGH,alligator head,01J1QNZ0DKKHXW52G0NBBS75Y0,t
01J1QPEP14BJ6ZFCHD6N25X86W,crown,01J1QP70Q80X396GT32EZF7VE8,t
01J1QPEP15YGCF0HXEJNKX1YHQ,three squares on top,01J1QNZ0DKKHXW52G0NBBS75Y0,t
01J1QPEP15YGCF0HXEKF3K6H6P,triangle facing head on head,01J1QNZ0DKKHXW52G0NBBS75Y0,t
01J1QPEP16JT44EFVAHD791FM3,upside down triangle,01J1QNZ0DKKHXW52G0NBBS75Y0,t
01J1QPEP17QJXSBJ9NYMYG75WM,elf ears,01J1QP70Q80X396GT32EZF7VE8,t
01J1QPEP17QJXSBJ9NZCQMFT8F,chicken head,01J1QNZ0DKKHXW52G0NBBS75Y0,t
01J1QPEP18E77RE5MQB0FJ05W6,dog,01J1QP70Q80X396GT32EZF7VE8,t
01J1QPEP18E77RE5MQBNVNHDFD,crab,01J1QP70Q80X396GT32EZF7VE8,t
01J1QPEP19F3MVM8H1NJX13A7X,human head,01J1QNZ0DKKHXW52G0NBBS75Y0,t
01J1QPEP1AYRNV5B4GSN5EM1J8,pelvis,01J1QNZ0DKKHXW52G0NBBS75Y0,t
01J1QPEP1AYRNV5B4GTBEN570R,elf,01J1QP70Q80X396GT32EZF7VE8,t
01J1QPEP1B4ECF33RKSS8GWXBA,hug,01J1QP70Q80X396GT32EZF7VE8,t
01J1QPEP1B4ECF33RKTG358QJD,straight line,01J1QNZ0DKKHXW52G0NBBS75Y0,t
01J1QPEP1DJFV8GBF04AJT8G9Y,staright line,01J1QP70Q80X396GT32EZF7VE8,t
01J1QPEP1DJFV8GBF04AJT8G9Y,oop,01J1QP70Q80X396GT32EZF7VE8,t
01J1QPEP1DJFV8GBF04AJT8G9Y,faucet,01J1QP70Q80X396GT32EZF7VE8,t
01J1QPEP1DJFV8GBF05A62ZMZQ,three square head,01J1QNZ0DKKHXW52G0NBBS75Y0,t
01J1QPEP1E03AKM7MTF8HAE3H8,upsidedown triangle,01J1QP70Q80X396GT32EZF7VE8,t
01J1QPEP1E03AKM7MTG3B8G691,crown,01J1QNZ0DKKHXW52G0NBBS75Y0,t
01J1QPKY4FFVP5020AD0YB2WYT,castle with a triangle in the bottom,01J1QPGXQ7X7C7JMSD79W3YNFN,t
01J1QPKY4QDMWYK5YGE06GCYMM,"castle with a stick coming out of the bottom, it has two triangles sticking out of the sides.",01J1QP7XZ1XMFRVJA0S6QFSRVV,t
01J1QPKY4QDMWYK5YGE06GCYMM,hello?,01J1QPGXQ7X7C7JMSD79W3YNFN,f
01J1QPKY4VCFM690YQBNJPY3J7,castle top triangel missing bottom,01J1QPGXQ7X7C7JMSD79W3YNFN,t
01J1QPKY4W611DWP1RPT0GDR4W,"round top, flat bottom",01J1QP7XZ1XMFRVJA0S6QFSRVV,t
01J1QPKY4W611DWP1RPT0GDR4W,liek a tree,01J1QP7XZ1XMFRVJA0S6QFSRVV,t
01J1QPKY50A87WT4HKDK9PTEDF,"spike top, thin bottom",01J1QP7XZ1XMFRVJA0S6QFSRVV,t
01J1QPKY510DHPJMX2FR6HXG9C,"round top, person bottom",01J1QP7XZ1XMFRVJA0S6QFSRVV,t
01J1QPKY52E2QHK5S1Q4Q5XTTQ,castle with bottom right corner missing,01J1QPGXQ7X7C7JMSD79W3YNFN,t
01J1QPKY533MZSBD2ZTCWD7CQY,flat top pointy sides,01J1QP7XZ1XMFRVJA0S6QFSRVV,t
01J1QPKY54HVD1Z7KJZCNN1SEE,"castle, large flat bottom",01J1QP7XZ1XMFRVJA0S6QFSRVV,t
01J1QPKY5AZGCT46G625P56WRW,round top missing corner,01J1QPGXQ7X7C7JMSD79W3YNFN,t
01J1QPKY5GQBP5QR3GY8EG9CCF,"castle top, triangle bottom",01J1QP7XZ1XMFRVJA0S6QFSRVV,t
01J1QPKY5JAG2TAXMQQ3VTJDSR,small flat top triangle bottom,01J1QPGXQ7X7C7JMSD79W3YNFN,t
01J1QPKY5MZX3PNTQD8ND2299E,"flat top, corner missing",01J1QP7XZ1XMFRVJA0S6QFSRVV,t
01J1QPKY5NWQ754CX8BMX8916M,"spike top, triangle bottom",01J1QP7XZ1XMFRVJA0S6QFSRVV,t
01J1QPKY5QCEE0H6K6C55VVPCX,small flat top flat bottom,01J1QPGXQ7X7C7JMSD79W3YNFN,t
01J1QPKY5WNZ18M5CFBCRAX87B,"flat top, flat bottom",01J1QP7XZ1XMFRVJA0S6QFSRVV,t
01J1QPKY5WNZ18M5CFBCRAX87B,looks like a wine glass,01J1QP7XZ1XMFRVJA0S6QFSRVV,t
01J1QPKY5YP57AMY69ABTH5X4B,castle top missing corner,01J1QPGXQ7X7C7JMSD79W3YNFN,t
01J1QPKY5ZCZD35SK726YZGRA5,"round top, missing corner",01J1QP7XZ1XMFRVJA0S6QFSRVV,t
01J1QPKY6081NA2W2QASKS35HP,caslte top thin perosn bottom,01J1QPGXQ7X7C7JMSD79W3YNFN,t
01J1QPKY627WJDC92978QMMMBW,large flat top missing triangle bottom,01J1QPGXQ7X7C7JMSD79W3YNFN,t
01J1QPKY630XQN9845QZM87QAT,"spike top, flat bottom",01J1QP7XZ1XMFRVJA0S6QFSRVV,t
01J1QPKY65TK9TQ8HG222QNFN2,flat top flat bottom,01J1QPGXQ7X7C7JMSD79W3YNFN,t
01J1QPKY66B8J24B08RF2WGRGJ,castle top corner missibg,01J1QPGXQ7X7C7JMSD79W3YNFN,t
01J1QPKY67F2GS3TNGJDEZX5QZ,round top thin bottom,01J1QP7XZ1XMFRVJA0S6QFSRVV,t
01J1QPKY68SN38ZDRXT0R8N72Z,"spike top, triangle bottom",01J1QP7XZ1XMFRVJA0S6QFSRVV,t
01J1QPKY6AYFQ7806GQ9E1110P,"spike top, missing corner",01J1QP7XZ1XMFRVJA0S6QFSRVV,t
01J1QPKY6C94YZFQGNTB17T6WV,spike top corner missing,01J1QPGXQ7X7C7JMSD79W3YNFN,t
01J1QPKY6ESMQ97WWDRGY111RE,flat top person lookinf bottom,01J1QPGXQ7X7C7JMSD79W3YNFN,t
01J1QPKY6FTSBJYYG2DWW99FNE,flat top wine bottom,01J1QPGXQ7X7C7JMSD79W3YNFN,t
01J1QPKY6GMJJBHT8RH3B84VBX,spike top large flat bottom,01J1QP7XZ1XMFRVJA0S6QFSRVV,t
01J1QPKY6HR4VZABWEQ3B05FYF,"flat top, thin bottom",01J1QP7XZ1XMFRVJA0S6QFSRVV,t
01J1QPKY6HR4VZABWEQ3B05FYF,looks like a flower,01J1QP7XZ1XMFRVJA0S6QFSRVV,t
01J1QPKY6K2WT4WCYD3ANHS90X,castle top large flat base,01J1QPGXQ7X7C7JMSD79W3YNFN,t
01J1QPKY6MZKWEX9VRA7ZHQ46N,"round top, missing corner",01J1QP7XZ1XMFRVJA0S6QFSRVV,t
01J1QPKY6NR4DNEVWW0Z8ZAAQQ,"flat top, bottom triangle",01J1QP7XZ1XMFRVJA0S6QFSRVV,t
01J1QPKY6PSFJQNR7N0869EP82,large flat top triangel missing bottom,01J1QPGXQ7X7C7JMSD79W3YNFN,t
01J1QPKY6QCC399BPHSK6PJRFW,big flat top or small?,01J1QP7XZ1XMFRVJA0S6QFSRVV,f
01J1QPKY6QCC399BPHSK6PJRFW,flat top bottom corner missing,01J1QPGXQ7X7C7JMSD79W3YNFN,t
01J1QPKY6QCC399BPHSK6PJRFW,big flat top,01J1QPGXQ7X7C7JMSD79W3YNFN,t
01J1QPKY6RBMCHQKBNCZX1A0ED,"spike top, person bottom",01J1QP7XZ1XMFRVJA0S6QFSRVV,t
01J1QPKY6TWJP0V5K8R4N4CWTC,"big flat top, thin bottom",01J1QP7XZ1XMFRVJA0S6QFSRVV,t
01J1QPKY6V8C8HGGZ9W0DYZW2F,castle top wine stem bottom,01J1QPGXQ7X7C7JMSD79W3YNFN,t
01J1QPKY6W107FQV1SCA5Z6E2Q,spiky top bottom corner missing,01J1QPGXQ7X7C7JMSD79W3YNFN,t
01J1QPKY6W107FQV1SDA22SM50,"round top, triangle bottom",01J1QP7XZ1XMFRVJA0S6QFSRVV,t
01J1QPKY6XNXZSFYF2T4DV8VWT,"big flat top, triangle bottom",01J1QP7XZ1XMFRVJA0S6QFSRVV,t
01J1QPKY6ZGV4GRKX419PEDGMT,spike top missing corner,01J1QPGXQ7X7C7JMSD79W3YNFN,t
01J1QPKY74AY3N5S9Z6GS7MG43,spiky top thin botton,01J1QPGXQ7X7C7JMSD79W3YNFN,t
01J1QPKY75NWNVX786FTKF3BSK,"flat top, missing corner",01J1QP7XZ1XMFRVJA0S6QFSRVV,t
01J1QPKY75NWNVX786FTKF3BSK,big flat top,01J1QP7XZ1XMFRVJA0S6QFSRVV,t
01J1QPKY75NWNVX786GY4KVJXQ,round top perosn bottom,01J1QPGXQ7X7C7JMSD79W3YNFN,t
01J1QPKY771RHE8AS6QJHXAZKC,flat top with large flat bottom,01J1QPGXQ7X7C7JMSD79W3YNFN,t
01J1QPKY79KXN7T7QSG3ENJ83N,"pointy top, triangle bottom",01J1QP7XZ1XMFRVJA0S6QFSRVV,t
01J1QPKY7BZ73G8YPW9RWB3ZTY,caslte top person looking bottom,01J1QPGXQ7X7C7JMSD79W3YNFN,t
01J1QPKY7D08143QSM8CS9553R,flat top corner missing,01J1QPGXQ7X7C7JMSD79W3YNFN,t
01J1QPKY7ER44K5GD7MENZPRMX,"sorry ! okay its pointy on top, the bottom is flat",01J1QP7XZ1XMFRVJA0S6QFSRVV,t
01J1QPKY7FJN8JGXWEBZYRWWSG,flat top triangle,01J1QP7XZ1XMFRVJA0S6QFSRVV,t
01J1QPKY7GM5PR3HTQDJWF14GE,flat bottom pointy sides,01J1QPGXQ7X7C7JMSD79W3YNFN,t
01J1QPKY7JSNKE88PZC78ZS9TY,castle wine bottom,01J1QPGXQ7X7C7JMSD79W3YNFN,t
01J1QPKY7KQEQZGSDF7TFRC748,bottom left corner is full the right corner is missing a peice top is not flat,01J1QPGXQ7X7C7JMSD79W3YNFN,t
01J1QPKY7M836ME1JZR127V0X5,castle missing corner,01J1QP7XZ1XMFRVJA0S6QFSRVV,t
01J1QPKY7NYSPFRK0TVBC0KE8T,spike top people bottom,01J1QPGXQ7X7C7JMSD79W3YNFN,t
01J1QPKY7PRWABPX66HRJVAQ5B,"spike top, flat bottom",01J1QP7XZ1XMFRVJA0S6QFSRVV,t
01J1QPKY7QHRRJ0VD72WSN58ES,spike top triangle bottom,01J1QPGXQ7X7C7JMSD79W3YNFN,t
01J1QPKY7RPHC2J84CHW24G9RX,"round top, triangle bottom",01J1QP7XZ1XMFRVJA0S6QFSRVV,t
01J1QPKY7SX4Z14Z9B7YQ2KWW2,flat top person bottom,01J1QPGXQ7X7C7JMSD79W3YNFN,t
01J1QPKY7TJHVW567XAM87CNCT,"castle, triangle bottom",01J1QP7XZ1XMFRVJA0S6QFSRVV,t
01J1QPKY7WYGCWMC0KA42S43S3,round top wine bottom,01J1QPGXQ7X7C7JMSD79W3YNFN,t
01J1QPKY7XGPC4P3DS08NHHHX8,"castle, person bottom",01J1QP7XZ1XMFRVJA0S6QFSRVV,t
01J1QPR7D4B54PXSN0E6Q07SYS,three points on top,01J1QPMNTDV0CTKEAPB8JWY41S,t
01J1QPR7D4B54PXSN0E6Q07SYS,triangle of white on bottom,01J1QPMNTDV0CTKEAPB8JWY41S,t
01J1QPR7D6GXAY7Q4G7JXR6FBY,chicken head,01J1QPMNTDV0CTKEAPB8JWY41S,t
01J1QPR7D6GXAY7Q4G7JXR6FBY,beak on the right of face,01J1QPMNTDV0CTKEAPB8JWY41S,t
01J1QPR7D6GXAY7Q4G7JXR6FBY,flat top,01J1QPMNTDV0CTKEAPB8JWY41S,t
01J1QPR7D6GXAY7Q4G7JXR6FBY,black all the way across on the top,01J1QPMNTDV0CTKEAPB8JWY41S,t
01J1QPR7D7229D59NRMJNJYW26,hello?,01J1QPMNTDV0CTKEAPB8JWY41S,t
01J1QPT67RQG4YMGN5CV52SJSJ,a spiky castle with a door on the right,01J1QPMY2ZFVFB9RHCKG4TKJ89,t
01J1QPT67V5GC32QBHHM0PRFRD,It looks like a bun hairstyle,01J1QPG26V5ZV71W11JWX04KZ5,t
01J1QPT67WGZGD8654ZT98PPPP,Looks like a spiky flower with no ground underneath it,01J1QPMY2ZFVFB9RHCKG4TKJ89,t
01J1QPT684JAJWJ5WB53GCSRZ0,It looks like a vase that has a piece missing from the lower right side.,01J1QPG26V5ZV71W11JWX04KZ5,t
01J1QPT689D9K3A9TRYRE34H8V,trident,01J1QPG26V5ZV71W11JWX04KZ5,t
01J1QPT68BZV5M0YK7EHXS88RJ,"Vase, hole bottom right",01J1QPG26V5ZV71W11JWX04KZ5,t
01J1QPT68DGN00Q86ZSR2ENP54,candelabra,01J1QPG26V5ZV71W11JWX04KZ5,t
01J1QPT68F6CKSB0FCHK4G5EJZ,"bun hairstyle, facing us",01J1QPMY2ZFVFB9RHCKG4TKJ89,t
01J1QPT68H12WKNKD9ZXART493,spiky box with hole bottom right,01J1QPG26V5ZV71W11JWX04KZ5,t
01J1QPT68KSYR6Z6D6KGQ8A7EQ,flat bun hairdo,01J1QPG26V5ZV71W11JWX04KZ5,t
01J1QPT68KSYR6Z6D6KGQ8A7EQ,straight,01J1QPG26V5ZV71W11JWX04KZ5,t
01J1QPT68KSYR6Z6D6KGQ8A7EQ,are they looking straight on or to the side?,01J1QPMY2ZFVFB9RHCKG4TKJ89,f
01J1QPT68PHNVTH0YMDMY339KM,castle with a road leading up the middle,01J1QPMY2ZFVFB9RHCKG4TKJ89,t
01J1QPT68QENDMTDBX4Q3VPXMN,stick person with flat hair (and arms),01J1QPMY2ZFVFB9RHCKG4TKJ89,t
01J1QPT68S0WDJSZ1TBMX879YA,rounded tree with ground underneath,01J1QPMY2ZFVFB9RHCKG4TKJ89,t
01J1QPT68VPJ7APR4EBJPQ0E0A,Bird (side profile),01J1QPG26V5ZV71W11JWX04KZ5,t
01J1QPT68X5TPFXV6J08X9BET9,top of a trident (with flat tips),01J1QPMY2ZFVFB9RHCKG4TKJ89,t
01J1QPT6969HGWNMH9BF4BRSVQ,it has arms right?,01J1QPG26V5ZV71W11JWX04KZ5,f
01J1QPT6969HGWNMH9BF4BRSVQ,looks like a stick person with a flat haircut,01J1QPMY2ZFVFB9RHCKG4TKJ89,t
01J1QPT6969HGWNMH9BF4BRSVQ,yeah,01J1QPMY2ZFVFB9RHCKG4TKJ89,t
01J1QPT698XXADAZ4N9ZRVD836,"bird, side profile",01J1QPG26V5ZV71W11JWX04KZ5,t
01J1QPT69BBSB8DNE59Y6YHR28,goblet,01J1QPMY2ZFVFB9RHCKG4TKJ89,t
01J1QPT69E2N4Q6JDK6BVXCK5Q,spiky flower,01J1QPG26V5ZV71W11JWX04KZ5,t
01J1QPT69H1J33HX21HYYDGEDX,"flower with a flat top, like a thistle",01J1QPMY2ZFVFB9RHCKG4TKJ89,t
01J1QPT69M0PMSMQQ145003GE2,candelabra (holds 3 candles),01J1QPMY2ZFVFB9RHCKG4TKJ89,t
01J1QPT69QZAJ5926KB26JC8SG,"castle, door on the right",01J1QPG26V5ZV71W11JWX04KZ5,t
01J1QPT69T58T7XS6DYAW0EBSX,spiky flower,01J1QPMY2ZFVFB9RHCKG4TKJ89,t
01J1QPT69XNA5EFNGB9GB7GMGC,road leading to a castle,01J1QPG26V5ZV71W11JWX04KZ5,t
01J1QPT6A201C98E74CNSPAVTX,spiky goblet,01J1QPG26V5ZV71W11JWX04KZ5,t
01J1QPT6A5WCQ82X1PWR6NCN4J,like a zoomed in view of an X,01J1QPMY2ZFVFB9RHCKG4TKJ89,t
01J1QPT6A89BE9KH77HCBZRN8Y,crown with a portion missing from the bottom right.,01J1QPG26V5ZV71W11JWX04KZ5,t
01J1QPT6AA55RBKA9EXJ6V39ZM,looks like a tree with ground underneath it,01J1QPMY2ZFVFB9RHCKG4TKJ89,t
01J1QPT6AC7XNS245PYGY40B74,"It looks like a head/shoulders, flat top",01J1QPG26V5ZV71W11JWX04KZ5,t
01J1QPT6AD6D2M76VCM4ESDZZZ,"spiky hairdo, v in the middle",01J1QPG26V5ZV71W11JWX04KZ5,t
01J1QPT6AFKCBRXHV2RKJ927VW,"flower with a flat top, like a thistle",01J1QPMY2ZFVFB9RHCKG4TKJ89,t
01J1QPT6AHV9HC9D8Y4JATKZVW,a vase with a hole on the bottom right,01J1QPMY2ZFVFB9RHCKG4TKJ89,t
01J1QPT6AK6D46V0PG37CJW40H,A castle with a path leading up to it,01J1QPMY2ZFVFB9RHCKG4TKJ89,t
01J1QPT6ANGBS18NZT6C5MK42S,castle with a door on the right,01J1QPMY2ZFVFB9RHCKG4TKJ89,t
01J1QPT6AP43FM75H6WKX91F4W,stick person with flat hair (with arms),01J1QPMY2ZFVFB9RHCKG4TKJ89,t
01J1QPT6AS8P2CHBSGY2ST06DN,It looks like a spiky hairdo,01J1QPG26V5ZV71W11JWX04KZ5,t
01J1QPT6AVPJWBNYSQMRMGTCTW,goblet,01J1QPG26V5ZV71W11JWX04KZ5,t
01J1QPT6AX3W202MG8BA7MZB5N,"looks like a flower with a flat top, like a thistle",01J1QPMY2ZFVFB9RHCKG4TKJ89,t
01J1QPT6B0FSTJBJBPEHZKTV1E,It looks like a castle wall with an opening on the right bottom side.,01J1QPG26V5ZV71W11JWX04KZ5,t
01J1QPT6B287KE4F5KB8TG0Y1P,zoomed in X,01J1QPG26V5ZV71W11JWX04KZ5,t
01J1QPT6B50YSJFX2MJYPK1ZF2,it looks like a zoomed in picture of the letter X,01J1QPG26V5ZV71W11JWX04KZ5,t
01J1QPT6B7NR2GBC7GZ6YFHPMX,a cup with a spiky top,01J1QPMY2ZFVFB9RHCKG4TKJ89,t
01J1QPT6BARF3E5AM94H0RYFPC,It looks like a candelabra (holds three candles),01J1QPG26V5ZV71W11JWX04KZ5,t
01J1QPT6BBKQYJZDXJ28B1MDWB,looks like the top of a trident,01J1QPMY2ZFVFB9RHCKG4TKJ89,t
01J1QPT6BEGX0EFB5P25CNXARM,It looks like a profile of a bird with a beak,01J1QPG26V5ZV71W11JWX04KZ5,t
01J1QPT6BFX4ZV1N6V26S9DPV1,looks like a cup that's flat at the top and bottom,01J1QPMY2ZFVFB9RHCKG4TKJ89,t
01J1QPT6BHA86RFV2SQZ0FE5MJ,spiky goblet,01J1QPMY2ZFVFB9RHCKG4TKJ89,t
01J1QPT6BKSVBNA15R176KRD4Y,stick figure w/arms and rounded head,01J1QPG26V5ZV71W11JWX04KZ5,t
01J1QPT6BQQGG1955VXMS5FW3P,spiky goblet,01J1QPMY2ZFVFB9RHCKG4TKJ89,t
01J1QPT6BTSBZKXPKK4Z0VK2HM,castle w/ road leading to it,01J1QPG26V5ZV71W11JWX04KZ5,t
01J1QPT6BX2P16C7EH68XVZ5VY,"goblet, flat top",01J1QPMY2ZFVFB9RHCKG4TKJ89,t
01J1QPT6BYSFTBCF10CPC3BZ6E,"flower, flat top",01J1QPG26V5ZV71W11JWX04KZ5,t
01J1QPT6C1HDDQ0Q4MZ7NCH09N,castle with door on the right,01J1QPMY2ZFVFB9RHCKG4TKJ89,t
01J1QPT6C40RHHMGSXHKD684GE,spiky hairdo,01J1QPG26V5ZV71W11JWX04KZ5,t
01J1QPT6C751EBZHTDD6T2P4D7,bun hairstyle,01J1QPMY2ZFVFB9RHCKG4TKJ89,t
01J1QPT6C9TZXMNPD740R2X322,spiky box with a hole on the right,01J1QPMY2ZFVFB9RHCKG4TKJ89,t
01J1QPT6CMGWXFCEQKEYF08CEN,spiky hairdo,01J1QPG26V5ZV71W11JWX04KZ5,t
01J1QPT6CTK36HREAGFCG6SQ0M,"head and shoulders, rounded",01J1QPG26V5ZV71W11JWX04KZ5,t
01J1QPT6CXEK8SWQV44HJQ0JW1,"bun, flat top",01J1QPG26V5ZV71W11JWX04KZ5,t
01J1QPT6D08B2VEBPATNK8BC6P,vase with a hole on the right,01J1QPMY2ZFVFB9RHCKG4TKJ89,t
01J1QPT6D2SP2B4J68HDPE0877,trident,01J1QPG26V5ZV71W11JWX04KZ5,t
01J1QPT6D49A3ZV43VVTTTWP6R,candelabra,01J1QPMY2ZFVFB9RHCKG4TKJ89,t
01J1QPT6D64AVWWB06D6EPE6G5,Spiky flower,01J1QPMY2ZFVFB9RHCKG4TKJ89,t
01J1QPT6D9AWEMHS94197MYER2,bird,01J1QPG26V5ZV71W11JWX04KZ5,t
01J1QQ0DPX4HDKTP2FW1H8NGBY,?,01J1QPP5FHS8AKK5B38G9MADE5,f
01J1QQ0DPX4HDKTP2FW1H8NGBY,the objectis the one that looks like it has 4 legs,01J1QPTD7F4224XY61PC3JM6BF,t
01J1QQ0DQ1RRZ43PM82TRGG48C,"three triangles on top, narrow piece to the right like a beak",01J1QPTD7F4224XY61PC3JM6BF,t
01J1QQ0DQ3HPRWWMQ3VHZPVQ3D,"has two triangle legs, two arms upwards and a flat top",01J1QPP5FHS8AKK5B38G9MADE5,t
01J1QQ0DQQ2FDK7V17A2F5J0DF,symetrical face,01J1QPTD7F4224XY61PC3JM6BF,t
01J1QQ0DR0Y79M2HNBQ6FSTJ36,three  towers,01J1QPP5FHS8AKK5B38G9MADE5,t
01J1QQ0DR5AHY95HRVF9GPAPQB,weve smashed this,01J1QPP5FHS8AKK5B38G9MADE5,f
01J1QQ0DR5AHY95HRVF9GPAPQB,"three stacked shapes, A shaped base",01J1QPTD7F4224XY61PC3JM6BF,t
01J1QQ0DR8YYQF7A83WMY53JEK,"flat left, diamond in top right",01J1QPP5FHS8AKK5B38G9MADE5,t
01J1QQ0DR8YYQF7A83WMY53JEK,yes!,01J1QPTD7F4224XY61PC3JM6BF,f
01J1QQ0DRDJGMM6GPZ15676T2D,"object pointing top left, large top",01J1QPP5FHS8AKK5B38G9MADE5,t
01J1QQ0DRGR1JF25D2WP9DHXNS,upside down stair bottom,01J1QPTD7F4224XY61PC3JM6BF,t
01J1QQ0DRJ9MPA1JEMH4W22N72,animal,01J1QPP5FHS8AKK5B38G9MADE5,t
01J1QQ0DS3ZR1V6F3008HP51VJ,solid shape with arrow pointing to left,01J1QPTD7F4224XY61PC3JM6BF,t
01J1QQ0DS7DTR3NNKV6DW8QFQQ,"long flat upward line on the left, triangle on bottom",01J1QPP5FHS8AKK5B38G9MADE5,t
01J1QQ0DSB28GBPV755HQWXRB2,"object pointing top left, large top",01J1QPP5FHS8AKK5B38G9MADE5,t
01J1QQ0DSG6T6M7H57NRBVD467,"large top with square point to top right,",01J1QPP5FHS8AKK5B38G9MADE5,t
01J1QQ0DSG6T6M7H57NRBVD467,top left sorry,01J1QPP5FHS8AKK5B38G9MADE5,t
01J1QQ0DSK2PG70SCJEWA8Q4HR,"flat top, two triangle feet",01J1QPP5FHS8AKK5B38G9MADE5,t
01J1QQ0DSN2EWACNRKW500X37K,"upside down stairs on bottom, triangles on top",01J1QPTD7F4224XY61PC3JM6BF,t
01J1QQ0DSQ0A1G086A8RBZ0CAN,three stacked shapes. two feet sticking out the side on bottom. bottom shape is sort of an A shape,01J1QPTD7F4224XY61PC3JM6BF,t
01J1QQ0DSTR9DCP4YY9ZM6V65H,"long flat left side, diamond shape to top right",01J1QPTD7F4224XY61PC3JM6BF,t
01J1QQ0DSX5MCT17Y6V7BYMHH9,symetrical head,01J1QPP5FHS8AKK5B38G9MADE5,t
01J1QQ0DSZ5S5BK3KB27HCVB9C,lookd abit like a tap,01J1QPP5FHS8AKK5B38G9MADE5,t
01J1QQ0DT2E2YAA8BSM0DH1VJJ,solid object with something pointing left near the bottom,01J1QPP5FHS8AKK5B38G9MADE5,t
01J1QQ0DT4N2SG9S8WEDJS3SAF,pointy ears looks like a cat or dog,01J1QPTD7F4224XY61PC3JM6BF,t
01J1QQ0DT8ZW1JM9TSDHXXK1VZ,"top looks like a castle, narrow base. three rectangles on top",01J1QPTD7F4224XY61PC3JM6BF,t
01J1QQ0DTBM0952K16GA5CBMRZ,tap looking one,01J1QPP5FHS8AKK5B38G9MADE5,t
01J1QQ0DTDCBMWSBB8MEG84R1V,4 triangle feet,01J1QPTD7F4224XY61PC3JM6BF,t
01J1QQ0DTGJPSA2M0BMTP02D5H,three triangle feet and a flat top and right side,01J1QPP5FHS8AKK5B38G9MADE5,t
01J1QQ0DTJ8YB1HFT9YF5B6N1V,"two rectangles on top, symetrical with two feet",01J1QPTD7F4224XY61PC3JM6BF,t
01J1QQ0DTMEDANN2KDFJ6PZ9T8,upside down stair shape at the bottom.,01J1QPTD7F4224XY61PC3JM6BF,t
01J1QQ0DTQJ9P9MGTBB9104WJX,"two triangles to either side on top, sort of tap shaped",01J1QPTD7F4224XY61PC3JM6BF,t
01J1QQ0DTSGCNH14WV3MRNPXBD,four triangle feet,01J1QPP5FHS8AKK5B38G9MADE5,t
01J1QQ0DTXPYP0PMGB5KKK5RMV,"three rectangles on top like a castle, narrow base",01J1QPTD7F4224XY61PC3JM6BF,t
01J1QQ0DV00E4DAZY9BEVCVY62,"symetrical, flat top",01J1QPTD7F4224XY61PC3JM6BF,t
01J1QQ0DV2MWT0AG2JTN399D1D,"two downward triangle feet, two arms and flat top",01J1QPP5FHS8AKK5B38G9MADE5,t
01J1QQ0DV50YB6SEFBQDJ7MDWV,"two feet, two columns on top, symetircal",01J1QPP5FHS8AKK5B38G9MADE5,t
01J1QQ0DV7KEZ7K3G051BM93RW,tap,01J1QPP5FHS8AKK5B38G9MADE5,t
01J1QQ0DVAW6QK8JWSWZQDXRZW,"three triangles on top, narrow shape to right like bird beak",01J1QPTD7F4224XY61PC3JM6BF,t
01J1QQ0DVD812VBSPRNMH6VGCC,tap shape,01J1QPTD7F4224XY61PC3JM6BF,t
01J1QQ0DVF5Q7GVGSQ1RTYT4J5,"symetrical, two downward triangles",01J1QPP5FHS8AKK5B38G9MADE5,t
01J1QQ0DVH6HHTNXXF8J3T27JH,symetrical flat top,01J1QPTD7F4224XY61PC3JM6BF,t
01J1QQ0DVMDQPJ72TECDTKP5B8,triangles on top and a beak on right,01J1QPP5FHS8AKK5B38G9MADE5,t
01J1QQ0DVQM7W1G9NE18RC8GY6,"A shaped base, three stacked shapes",01J1QPTD7F4224XY61PC3JM6BF,t
01J1QQ0DVTXF36CDGJW2FF6P7B,"long flat right, three triangles on bottom",01J1QPTD7F4224XY61PC3JM6BF,t
01J1QQ0DVXPX467MNZ5EANM8B8,three triangle feet,01J1QPP5FHS8AKK5B38G9MADE5,t
01J1QQ0DVZFVXDTWAEH2CMB7ZH,three towers,01J1QPP5FHS8AKK5B38G9MADE5,t
01J1QQ0DW25YWM87AEPCYYXWBS,four feet,01J1QPP5FHS8AKK5B38G9MADE5,t
01J1QQ0DW5X44CEBKG1QPM5VHM,"two feet , two arems and flat top",01J1QPP5FHS8AKK5B38G9MADE5,t
01J1QQ0DW8MS7HTBT7SDSHB8PC,"solid, object pointing left",01J1QPTD7F4224XY61PC3JM6BF,t
01J1QQ0DWDEX34E1SWEPWVRVTP,"face shaped, symetrical",01J1QPTD7F4224XY61PC3JM6BF,t
01J1QQ0DWJ4HGRQQZZ4APQW7KQ,"object pointing top left, large top",01J1QPP5FHS8AKK5B38G9MADE5,t
01J1QQ0DWN1NVFNC1GMK0BD9CD,tap shaped,01J1QPTD7F4224XY61PC3JM6BF,t
01J1QQ0DWSYHB6AGDXZAP1JC2C,"symetrical, two feet",01J1QPTD7F4224XY61PC3JM6BF,t
01J1QQ0DWVCMGPT44YJQ6P02B0,stairs on bottom,01J1QPP5FHS8AKK5B38G9MADE5,t
01J1QQ0DWYWX3H5VC2KE2SBJGC,"two large triangels back to back on top, looks likea tap on bottom",01J1QPP5FHS8AKK5B38G9MADE5,t
01J1QQ0DX1WAGW82C4THV28F6G,"two feet, two rectangles on top",01J1QPTD7F4224XY61PC3JM6BF,t
01J1QQ0DX4VX936FMVR8NV0E7A,"three triangels on top, beak on right",01J1QPP5FHS8AKK5B38G9MADE5,t
01J1QQ0DX6Z9K2J5KCJ2CPP2KG,solid with object pointing bottom left,01J1QPP5FHS8AKK5B38G9MADE5,t
01J1QQ0DX96GXKDH0KN2K6QMCN,"three stacked shapes, A shaped bottom",01J1QPTD7F4224XY61PC3JM6BF,t
01J1QQ0DXBWV7ACFBC5DFDX0VZ,"two pullars on top, two feet on bottom",01J1QPP5FHS8AKK5B38G9MADE5,t
01J1QQ0DXBWV7ACFBC5DFDX0VZ,pillars*,01J1QPP5FHS8AKK5B38G9MADE5,t
01J1QQ0DXDB0ZKM96S41YRWFDB,"three downward triangles, flat right and top",01J1QPP5FHS8AKK5B38G9MADE5,t
01J1QQ0DXG3KJ3R209YBXAZKD4,looks like a head with large ears sticking out. symmetrical,01J1QPTD7F4224XY61PC3JM6BF,t
01J1QQ0DXJND5FQY4CMMJ7TN0R,looks sort of like a cat or dog with pointy ears,01J1QPTD7F4224XY61PC3JM6BF,t
01J1QQ0DXN13GHW7ACWNPQ1NM4,"long flat left, diamond shape upper right",01J1QPTD7F4224XY61PC3JM6BF,t
01J1QQ0DXRSF0J53NKSGMK8ZAT,animal head,01J1QPP5FHS8AKK5B38G9MADE5,t
01J1QQ0DXTSRD3W9W1TJ5ZAJNK,tap shaped,01J1QPTD7F4224XY61PC3JM6BF,t
01J1QQ3J5RRSV7JGE1GRV8D7V7,?,01J1QPPF0KMBQ1HMP6K2TVJMH1,f
01J1QQ3J5RRSV7JGE1GRV8D7V7,shape has three levels,01J1QPS857DFX9S2DEB32HCZCV,t
01J1QQ3J60X7FT5GM1V7JP3PMJ,jagged to left,01J1QPPF0KMBQ1HMP6K2TVJMH1,t
01J1QQ3J64QG5NNAT326PSZ7KM,fish,01J1QPPF0KMBQ1HMP6K2TVJMH1,t
01J1QQ3J67Y60YVJ8WMZZ4F6RH,flat top?,01J1QPPF0KMBQ1HMP6K2TVJMH1,f
01J1QQ3J67Y60YVJ8WMZZ4F6RH,"shape has two levels, looks like two arms are extended outward",01J1QPS857DFX9S2DEB32HCZCV,t
01J1QQ3J67Y60YVJ8WMZZ4F6RH,yes,01J1QPS857DFX9S2DEB32HCZCV,t
01J1QQ3J6BBAPR8Q4J3T518ZPM,Same as last round but octagon top,01J1QPPF0KMBQ1HMP6K2TVJMH1,t
01J1QQ3J6EEK6P0AZTKS5R3Z7V,dog,01J1QPS857DFX9S2DEB32HCZCV,t
01J1QQ3J6HYZ1R5BQH6EGQ7RG1,eagle with pointy hair,01J1QPPF0KMBQ1HMP6K2TVJMH1,t
01J1QQ3J6PSQV8XB7CTSCYDCN6,ears sticking out horizontally (not vertically),01J1QPS857DFX9S2DEB32HCZCV,t
01J1QQ3J6SH746JMBQDFFKXN4J,square sticking out of top right,01J1QPS857DFX9S2DEB32HCZCV,t
01J1QQ3J6WBAFN6B1BADM504H8,Trident,01J1QPPF0KMBQ1HMP6K2TVJMH1,t
01J1QQ3J6ZKJM6QX88MC9KJBP8,octagon with square on left side,01J1QPPF0KMBQ1HMP6K2TVJMH1,t
01J1QQ3J72SHB5PBTVA2K4RZGT,left side is flat,01J1QPS857DFX9S2DEB32HCZCV,t
01J1QQ3J75QGH3ZNJ735KTK08S,shape looks like it has four legs,01J1QPS857DFX9S2DEB32HCZCV,t
01J1QQ3J77YAWBT980NS9CACR2,stop sign top,01J1QPPF0KMBQ1HMP6K2TVJMH1,t
01J1QQ3J7ADWZ5BHR1RRG2KP7K,an umbrella on its side,01J1QPPF0KMBQ1HMP6K2TVJMH1,t
01J1QQ3J7DESXV8X7WMT9DGXQ2,"two arms, two legs",01J1QPS857DFX9S2DEB32HCZCV,t
01J1QQ3J7G8HPSATZRN5RJ5AWE,"""H"" with a thick middle",01J1QPPF0KMBQ1HMP6K2TVJMH1,t
01J1QQ3J7NW8SWY43E00JWXG6K,fish again,01J1QPPF0KMBQ1HMP6K2TVJMH1,t
01J1QQ3J7SCXBHH61HAFY3RZV7,stop sign with square sticking out of top left corner.,01J1QPS857DFX9S2DEB32HCZCV,t
01J1QQ3J7W1YS33BV5B8BY2HA4,three levels. upside-down triangle on top,01J1QPS857DFX9S2DEB32HCZCV,t
01J1QQ3J81QEBM6SQ54DX7431J,four legs,01J1QPS857DFX9S2DEB32HCZCV,t
01J1QQ3J84R2AGJN7YSQAV9YD0,jagged to the left,01J1QPPF0KMBQ1HMP6K2TVJMH1,t
01J1QQ3J87EWVB0M2GB498PPJA,rectangle and square bottom,01J1QPPF0KMBQ1HMP6K2TVJMH1,t
01J1QQ3J8AWW2987J0V3NWZW1P,diamond on right side end,01J1QPPF0KMBQ1HMP6K2TVJMH1,t
01J1QQ3J8GJDMTVSA4VJZ2HMXP,narrower square sticking out of bottom. three pointy parts on top,01J1QPS857DFX9S2DEB32HCZCV,t
01J1QQ3J8NEYJBQE1NCGE8SREP,diamond top,01J1QPS857DFX9S2DEB32HCZCV,t
01J1QQ3J8SDZAZCWWP5W4TZVX8,dog,01J1QPPF0KMBQ1HMP6K2TVJMH1,t
01J1QQ3J8WMXP8GT38YASZDGYR,square top,01J1QPS857DFX9S2DEB32HCZCV,t
01J1QQ3J8ZH83PPSV8Z636TWXF,that was the target,01J1QPPF0KMBQ1HMP6K2TVJMH1,f
01J1QQ3J8ZH83PPSV8Z636TWXF,two legs,01J1QPS857DFX9S2DEB32HCZCV,t
01J1QQ3J92HKABQ14F75MS6F13,stop sign top triangle bottom,01J1QPPF0KMBQ1HMP6K2TVJMH1,t
01J1QQ3J96PEH4YEQXFA7QD2TN,eagle,01J1QPPF0KMBQ1HMP6K2TVJMH1,t
01J1QQ3J99BYG5PS9VQF2EGRJK,fish facing the ground,01J1QPPF0KMBQ1HMP6K2TVJMH1,t
01J1QQ3J9CZV7K654Z99BENVA8,flat left side,01J1QPS857DFX9S2DEB32HCZCV,t
01J1QQ3J9GWF3MHYV7QBBYME0E,4 legs,01J1QPPF0KMBQ1HMP6K2TVJMH1,t
01J1QQ3J9K78VKDT7DEMC5XJ8X,"two levels, two arms, two legs (both extended)",01J1QPS857DFX9S2DEB32HCZCV,t
01J1QQ3J9N4WVJVQGY97Y2RFK4,jagged bottom and left,01J1QPS857DFX9S2DEB32HCZCV,t
01J1QQ3J9N4WVJVQGY97Y2RFK4,three triangles on bottom,01J1QPS857DFX9S2DEB32HCZCV,t
01J1QQ3J9XDK19RWRXE0YK6X0E,square top,01J1QPPF0KMBQ1HMP6K2TVJMH1,t
01J1QQ3JA3DFGTH4PN0T1RXHY5,umbrella,01J1QPPF0KMBQ1HMP6K2TVJMH1,t
01J1QQ3JA9J7CXGM1BRKTEZGX1,diamond top,01J1QPS857DFX9S2DEB32HCZCV,t
01J1QQ3JAC782YFTBYH0NWTDXY,trident,01J1QPS857DFX9S2DEB32HCZCV,t
01J1QQ3JAGDS8963E6WC5W3GDJ,umbrella,01J1QPPF0KMBQ1HMP6K2TVJMH1,t
01J1QQ3JAKSNMYEFFMC5XMEC53,"3 levels has legs, arms head",01J1QPPF0KMBQ1HMP6K2TVJMH1,t
01J1QQ3JAPFCBK0YZ8TNTK1EKP,"stop sign, square sticking out of top left",01J1QPS857DFX9S2DEB32HCZCV,t
01J1QQ3JATBNEH7CJMT66SR4YH,square sticking out of bottom (not trident),01J1QPS857DFX9S2DEB32HCZCV,t
01J1QQ3JAX7BGRYDE96APN7BTR,eagle,01J1QPPF0KMBQ1HMP6K2TVJMH1,t
01J1QQ3JB2HFDQMX7W8TNVV4GP,dog,01J1QPS857DFX9S2DEB32HCZCV,t
01J1QQ3JB5MCXKVEMN9GS22189,trident,01J1QPPF0KMBQ1HMP6K2TVJMH1,t
01J1QQ3JB8B4VF47QF2YBCG2MD,"two legs, both with flat bottoms",01J1QPS857DFX9S2DEB32HCZCV,t
01J1QQ3JBC3106PRJP8ZZ41HXQ,dog,01J1QPS857DFX9S2DEB32HCZCV,t
01J1QQ3JBFVX7YNHGA3N9K4DYB,rectangle and square bottom,01J1QPPF0KMBQ1HMP6K2TVJMH1,t
01J1QQ3JBJ2RDKWCGHHFH9JHAR,trident,01J1QPS857DFX9S2DEB32HCZCV,t
01J1QQ3JBNS3EE7JFCTE4ERYSC,eagle,01J1QPS857DFX9S2DEB32HCZCV,t
01J1QQ3JBR48C9XDQPWE91B2JA,umbrella,01J1QPPF0KMBQ1HMP6K2TVJMH1,t
01J1QQ3JBWRC86A31PMSMARSEZ,four pointed legs,01J1QPS857DFX9S2DEB32HCZCV,t
01J1QQ3JBZ711357D5QDDHTE8A,diamond top,01J1QPPF0KMBQ1HMP6K2TVJMH1,t
01J1QQ3JC31HFVSANNSNNDZ1Z6,3 levels legs stuck out to sides,01J1QPPF0KMBQ1HMP6K2TVJMH1,t
01J1QQ3JC6K6W2NPMDM7XVBZSY,"two legs. two arms, flat top",01J1QPS857DFX9S2DEB32HCZCV,t
01J1QQ3JC9ZCNZE8SZ4BHXX8TR,two legs with flat bottoms,01J1QPS857DFX9S2DEB32HCZCV,t
01J1QQ3JCCGS44FZQHQD5FNRB9,flat left side,01J1QPS857DFX9S2DEB32HCZCV,t
01J1QQ3JCGEZCZWDRWT7MAV1HE,"stop sign top, triangle bottom",01J1QPPF0KMBQ1HMP6K2TVJMH1,t
01J1QQ3JCK7MX7M2EKG2EJT53T,square on top,01J1QPPF0KMBQ1HMP6K2TVJMH1,t
01J1QQ3JCQ3Z0W2H44TB43KQ8P,shape is jagged to the left,01J1QPPF0KMBQ1HMP6K2TVJMH1,t
01J1QQ3JCT009CETFH20ES08CG,"stop sign, square on top left",01J1QPS857DFX9S2DEB32HCZCV,t
01J1QQ3JD0THPZXTY6MQFPAJ3R,fish,01J1QPPF0KMBQ1HMP6K2TVJMH1,t
01J1QQD475GF7ZFCR3G84M19WT,hi,01J1QQ1484JXPJV4A4KFQMVC0S,f
01J1QQD475GF7ZFCR3G84M19WT,looks like flower,01J1QQ1484JXPJV4A4KFQMVC0S,f
01J1QQD475GF7ZFCR3G84M19WT,hey,01J1QQ1BM5RG1ZHZBXSMZZ8JT3,t
01J1QQD475GF7ZFCR3G84M19WT,click shape with three triangles on top and narrow bottom,01J1QQ1BM5RG1ZHZBXSMZZ8JT3,t
01J1QQD475GF7ZFCR3G84M19WT,yyeah,01J1QQ1BM5RG1ZHZBXSMZZ8JT3,t
01J1QQD47B92ZRR8JVKQRD7JR1,looks like a vase with 3 spikes,01J1QQ1484JXPJV4A4KFQMVC0S,t
01J1QQD47KS8YBVWGNPZZHWNRN,"all four corners are touching, the bottom is widest and it forms three white triangles",01J1QQ1BM5RG1ZHZBXSMZZ8JT3,t
01J1QQD47THE1EK4QMXGAG3HZ8,rounded top white,01J1QQ1484JXPJV4A4KFQMVC0S,t
01J1QQD47THE1EK4QMXGAG3HZ8,thx bro,01J1QQ1BM5RG1ZHZBXSMZZ8JT3,f
01J1QQD47Z4XFPA4SSVFH8R63C,looks like a woman with a 1940s haircut,01J1QQ1484JXPJV4A4KFQMVC0S,t
01J1QQD484QX0B0DZ874QFSN2V,"shaped like a castle with three squares on top, forms white triangle on bottom",01J1QQ1BM5RG1ZHZBXSMZZ8JT3,t
01J1QQD48AE9FJ9A9KH46WHNB5,looks like a flower and castle combined,01J1QQ1484JXPJV4A4KFQMVC0S,t
01J1QQD48F3YYTWEP6GANXTB4R,its not the ones with the 3 spikes ontop and the one that had that gap as the last one,01J1QQ1484JXPJV4A4KFQMVC0S,t
01J1QQD48NFJ7Z569K6E50KC96,a little gap in the bottom riight yh,01J1QQ1484JXPJV4A4KFQMVC0S,f
01J1QQD48NFJ7Z569K6E50KC96,"three squares on top, bottom right has a weird shape",01J1QQ1BM5RG1ZHZBXSMZZ8JT3,t
01J1QQD48NFJ7Z569K6E50KC96,yeh,01J1QQ1BM5RG1ZHZBXSMZZ8JT3,t
01J1QQD48SAEEKXMPFJ38TGJ6V,flower shape but three squares on top,01J1QQ1BM5RG1ZHZBXSMZZ8JT3,t
01J1QQD48YXW49W6Y7PJK35CA0,flower shape but rounded from top,01J1QQ1484JXPJV4A4KFQMVC0S,t
01J1QQD492FVRD67FFA7GNMVV1,"flower shape, upside down triangle on top",01J1QQ1BM5RG1ZHZBXSMZZ8JT3,t
01J1QQD498CY7RPZ4MHPGB6RKR,white tirangle at bottom with three spikes on top,01J1QQ1BM5RG1ZHZBXSMZZ8JT3,t
01J1QQD49EDTK2J6YJDMK6J4VP,square with weird gap in bottom right and 3 spikes on top,01J1QQ1484JXPJV4A4KFQMVC0S,t
01J1QQD49Q84QQ61SYWM04BA0X,rounded from top with weird gap in bottom right,01J1QQ1484JXPJV4A4KFQMVC0S,t
01J1QQD49WTCCV1Z4MVXF9BSVR,upside down triangle on top with weird gap bottom right,01J1QQ1BM5RG1ZHZBXSMZZ8JT3,t
01J1QQD4A00VKHRA6QM4WT5HNK,looks like a vase,01J1QQ1484JXPJV4A4KFQMVC0S,t
01J1QQD4A00VKHRA6QM4WT5HNK,upside down triangle,01J1QQ1484JXPJV4A4KFQMVC0S,t
01J1QQD4A00VKHRA6QM4WT5HNK,upside down trianlge?,01J1QQ1BM5RG1ZHZBXSMZZ8JT3,f
01J1QQD4A428RYPCDFCX6HFXVP,3 spikes ontop white triangle at bottom,01J1QQ1484JXPJV4A4KFQMVC0S,t
01J1QQD4A9FGG66CGM4KTEMKMT,"three spikes on top, wide bottom",01J1QQ1BM5RG1ZHZBXSMZZ8JT3,t
01J1QQD4AD9GPK9CBNKMG7C583,"white triangle on bottom, upside down trianle on top",01J1QQ1BM5RG1ZHZBXSMZZ8JT3,t
01J1QQD4AJX00B5R3J1N7Z32AR,vase flower,01J1QQ1484JXPJV4A4KFQMVC0S,t
01J1QQD4AJX00B5R3J1N7Z32AR,upisde down triangle,01J1QQ1484JXPJV4A4KFQMVC0S,t
01J1QQD4AQVV4RSYC6W76928NP,rounded shape on top white triangle bottom,01J1QQ1484JXPJV4A4KFQMVC0S,t
01J1QQD4AWN3R8CWD5ZECHP2PR,"upside down triangle on top, whide bottom",01J1QQ1BM5RG1ZHZBXSMZZ8JT3,t
01J1QQD4AWN3R8CWD5ZECHP2PR,wide,01J1QQ1BM5RG1ZHZBXSMZZ8JT3,t
01J1QQD4B0TSP54ADYEZW9QFC8,"rounded shape on top, weird bottom right",01J1QQ1BM5RG1ZHZBXSMZZ8JT3,t
01J1QQD4B58DX9MAWF1ZC0E26P,rounded shape on top like a flower,01J1QQ1BM5RG1ZHZBXSMZZ8JT3,t
01J1QQD4BA34TRT32AJC59W99N,castle white triangle,01J1QQ1484JXPJV4A4KFQMVC0S,t
01J1QQD4BERHR5NCEMFD4S72C4,3 spikes ontop weird bottom right,01J1QQ1484JXPJV4A4KFQMVC0S,t
01J1QQD4BK8EVRMNHV6SRVVVHC,upside down triangle weird bottom right,01J1QQ1484JXPJV4A4KFQMVC0S,t
01J1QQD4BQB933QRYWX1KS5M2F,"three squares on top, triangle bottom",01J1QQ1BM5RG1ZHZBXSMZZ8JT3,t
01J1QQD4BW1K459BXGW1GF91QP,"flower shape, three squares on top",01J1QQ1BM5RG1ZHZBXSMZZ8JT3,t
01J1QQD4C1RT38761ZEBF8TZD5,1940s woman,01J1QQ1484JXPJV4A4KFQMVC0S,t
01J1QQD4C709JBV03RWG1SFQM0,3 spikes flower,01J1QQ1484JXPJV4A4KFQMVC0S,t
01J1QQD4CCB9KAHEEB5B5RPNG7,"three squares on top, weird bottom right",01J1QQ1BM5RG1ZHZBXSMZZ8JT3,t
01J1QQD4CKS56Z0MZ4AJF6HZGY,"three squares on top, triangle bottom",01J1QQ1BM5RG1ZHZBXSMZZ8JT3,t
01J1QQD4CVERMMHV2C806SJ40X,upisde down triangle white triangle,01J1QQ1484JXPJV4A4KFQMVC0S,t
01J1QQD4D0DSJ0JVE6Z61T9C86,white tiranlge on bottom with three spikes,01J1QQ1BM5RG1ZHZBXSMZZ8JT3,t
01J1QQD4D51A06XA14A6YDNMCF,woman,01J1QQ1484JXPJV4A4KFQMVC0S,t
01J1QQD4DA9HC4D600YRBSTSD4,"upside down triangle top, triangle bottom",01J1QQ1BM5RG1ZHZBXSMZZ8JT3,t
01J1QQD4DG3DGC5T0S9BZ4QF06,rounded top white triangle,01J1QQ1484JXPJV4A4KFQMVC0S,t
01J1QQD4DN8ZHYM9WX5ZVMERGQ,flower and castle,01J1QQ1BM5RG1ZHZBXSMZZ8JT3,t
01J1QQD4DVQAES1J5QKDZK11KA,flower with spikes,01J1QQ1BM5RG1ZHZBXSMZZ8JT3,t
01J1QQD4E3W7QGBXKKAPVRQ52Y,vase with spikes,01J1QQ1484JXPJV4A4KFQMVC0S,t
01J1QQD4EBRSK691P1PPHZKG84,rounded top weird bottom right,01J1QQ1484JXPJV4A4KFQMVC0S,t
01J1QQD4EG3VRWZJ8A7VPMZPCJ,glitched,01J1QQ1484JXPJV4A4KFQMVC0S,f
01J1QQD4EG3VRWZJ8A7VPMZPCJ,"3 spikes, bottom right",01J1QQ1BM5RG1ZHZBXSMZZ8JT3,t
01J1QQD4EG3VRWZJ8A7VPMZPCJ,shoot,01J1QQ1BM5RG1ZHZBXSMZZ8JT3,t
01J1QQD4ENF85KMK8FPCK63R8Z,castle bottom right,01J1QQ1BM5RG1ZHZBXSMZZ8JT3,t
01J1QQD4EVYP6HF5HKFCQGFECE,upside down triangle weird right,01J1QQ1484JXPJV4A4KFQMVC0S,t
01J1QQD4F0T29Z1THQYBSW6PDK,upisde down triangle flower,01J1QQ1484JXPJV4A4KFQMVC0S,t
01J1QQD4F5DH7ECSKC78PN2NYP,rounded top flower,01J1QQ1BM5RG1ZHZBXSMZZ8JT3,t
01J1QQD4FA63RVZ4QHH2BWXV3K,castle white triangle,01J1QQ1484JXPJV4A4KFQMVC0S,t
01J1QQD4FEK09SXKX64T8GEC8W,castle white triangle,01J1QQ1BM5RG1ZHZBXSMZZ8JT3,t
01J1QQD4FMYHNQMJ83QECE4EP0,upside down flower,01J1QQ1484JXPJV4A4KFQMVC0S,t
01J1QQD4FTTBFRA1JJCP9EQXHW,"rounded top, triangle bottom",01J1QQ1BM5RG1ZHZBXSMZZ8JT3,t
01J1QQD4GKP2RJ8PNG420VTYHP,castle bottom right,01J1QQ1484JXPJV4A4KFQMVC0S,t
01J1QQD4GVHQ81NVMEY02QYMXD,castle flower,01J1QQ1BM5RG1ZHZBXSMZZ8JT3,t
01J1QQD4H07ATFTHDSDWTK07MK,castle triangle,01J1QQ1484JXPJV4A4KFQMVC0S,t
01J1QQD4H5CESJHHH0EEWYBZEF,"rounded top, bottom right",01J1QQ1BM5RG1ZHZBXSMZZ8JT3,t
01J1QQD4HA4N7MDZAKVKDG67JP,3 spikes vase,01J1QQ1484JXPJV4A4KFQMVC0S,t
01J1QQD4HE62EA3SX84KSMAM4G,"upside down traingle, bottom right",01J1QQ1BM5RG1ZHZBXSMZZ8JT3,t
01J1QQD4HKQZVSA3KK4ERYEKYN,3 spikes white,01J1QQ1484JXPJV4A4KFQMVC0S,t
01J1QQD4HR99Y1PEMBR1PJQVZX,"upside down triangle, white triangle",01J1QQ1BM5RG1ZHZBXSMZZ8JT3,t
01J1QQD4HXVEZ8A6G3YY94RZ17,rounded flower,01J1QQ1484JXPJV4A4KFQMVC0S,t
01J1QQD4J2CJQP6Z3NVS2FYRD1,3 spike flower,01J1QQ1BM5RG1ZHZBXSMZZ8JT3,t
01J1QQD4J8P0DCGP5S3AH6YXGH,3 spikes bottom right,01J1QQ1484JXPJV4A4KFQMVC0S,t
01J1QQD4JFSE1NRDWQD4KY9KKN,"upside down trinalge, triangle bottom",01J1QQ1BM5RG1ZHZBXSMZZ8JT3,t
01J1QQQ1BXM7QGY87086AN0ZQ5,mine looks like someone wearing a crown,01J1QQKAWCNC6D92WMQZWJ0Q2K,t
01J1QQQ1CABA0D1PKM0ZM9S44J,hi,01J1QPMVRKKFDKYBZRFV04QR0M,f
01J1QQQ1CABA0D1PKM0ZM9S44J,Hello,01J1QQKAWCNC6D92WMQZWJ0Q2K,t
01J1QQQ1CABA0D1PKM0ZM9S44J,my image looks like a crown,01J1QQKAWCNC6D92WMQZWJ0Q2K,t
01J1QQQ1CMF3E6JKKQ9FZW4JAR,image looks like a letter w,01J1QPMVRKKFDKYBZRFV04QR0M,t
01J1QQQ1D2WJK94A7GYGHZ8816,looks like a turret,01J1QPMVRKKFDKYBZRFV04QR0M,t
01J1QQQ1DHFWTHQ95BZ5111WW7,it looks like a head with two hands,01J1QQKAWCNC6D92WMQZWJ0Q2K,t
01J1QQQ1DWT1881NSNX7E722HK,the top looks like a castle,01J1QQKAWCNC6D92WMQZWJ0Q2K,t
01J1QQQ1E5YPF9GG1R5QYF2QBK,"all spiky, like a castle",01J1QPMVRKKFDKYBZRFV04QR0M,t
01J1QQQ1ED1R0CMYXS7GRTST06,hi,01J1QPMVRKKFDKYBZRFV04QR0M,f
01J1QQQ1ED1R0CMYXS7GRTST06,"mine looks like a helmet at the top, bottom is like a v",01J1QQKAWCNC6D92WMQZWJ0Q2K,t
01J1QQQ1EPJGYGPQ6NVD9BK83K,like a chalice,01J1QPMVRKKFDKYBZRFV04QR0M,t
01J1QQQ1EPJGYGPQ6NVD9BK83K,only a bit,01J1QPMVRKKFDKYBZRFV04QR0M,t
01J1QQQ1EPJGYGPQ6NVD9BK83K,is it spiky?,01J1QQKAWCNC6D92WMQZWJ0Q2K,f
01J1QQQ1F2J8AXJWX3ABQXFTR9,only non-symmetrical,01J1QQKAWCNC6D92WMQZWJ0Q2K,t
01J1QQQ1FBYN3N3N4KG7XC0S7E,triangle missing at bottom,01J1QQKAWCNC6D92WMQZWJ0Q2K,t
01J1QQQ1FQFE6WPE8031JVDNAM,the only non symetrical one,01J1QPMVRKKFDKYBZRFV04QR0M,t
01J1QQQ1G439YKB2FRA8EVJZRS,three square points on top,01J1QPMVRKKFDKYBZRFV04QR0M,t
01J1QQQ1GHY2J8ASNCJB59AHCM,like a robot head,01J1QPMVRKKFDKYBZRFV04QR0M,t
01J1QQQ1GHY2J8ASNCJB59AHCM,is it square at the top?,01J1QQKAWCNC6D92WMQZWJ0Q2K,f
01J1QQQ1GVCZ2VNHQT1NW397D2,looks like an eagle,01J1QPMVRKKFDKYBZRFV04QR0M,t
01J1QQQ1H3WD22EET1MASG8F73,three squares at top,01J1QQKAWCNC6D92WMQZWJ0Q2K,t
01J1QQQ1HCT58TV8PMQ8DYVWTS,squares at the top,01J1QQKAWCNC6D92WMQZWJ0Q2K,t
01J1QQQ1HKQ5D53WQT7KM1P372,sharp spikes at top,01J1QQKAWCNC6D92WMQZWJ0Q2K,t
01J1QQQ1HZB55JMC2Z4GWQGZ1X,symmetrical?,01J1QPMVRKKFDKYBZRFV04QR0M,f
01J1QQQ1HZB55JMC2Z4GWQGZ1X,has sharp edges to the side,01J1QQKAWCNC6D92WMQZWJ0Q2K,t
01J1QQQ1HZB55JMC2Z4GWQGZ1X,both sides,01J1QQKAWCNC6D92WMQZWJ0Q2K,t
01J1QQQ1HZB55JMC2Z4GWQGZ1X,yes,01J1QQKAWCNC6D92WMQZWJ0Q2K,t
01J1QQQ1J8PVJTAKH91NP2ZB82,simplest shape,01J1QPMVRKKFDKYBZRFV04QR0M,t
01J1QQQ1JGBSKZDB7HN2MRHQAV,non symmetrical,01J1QPMVRKKFDKYBZRFV04QR0M,t
01J1QQQ1JRF2JGRXAPCPEVR92G,v cut at bottom,01J1QQKAWCNC6D92WMQZWJ0Q2K,t
01J1QQQ1JRF2JGRXAPCPEVR92G,squares at top,01J1QQKAWCNC6D92WMQZWJ0Q2K,t
01J1QQQ1K1AREXQ90X3GFRFDSH,like a flower,01J1QPMVRKKFDKYBZRFV04QR0M,t
01J1QQQ1K1AREXQ90X3GFRFDSH,yes,01J1QPMVRKKFDKYBZRFV04QR0M,t
01J1QQQ1K1AREXQ90X3GFRFDSH,rose?,01J1QQKAWCNC6D92WMQZWJ0Q2K,f
01J1QQQ1K80W8MBGF9K44YJV47,squares at the top,01J1QQKAWCNC6D92WMQZWJ0Q2K,t
01J1QQQ1KHFNEYDG4N2Y7KBQC6,eagle,01J1QQKAWCNC6D92WMQZWJ0Q2K,t
01J1QQQ1KRKA8X1K1705DFPG9J,v shape cut out on both sides and bottom,01J1QPMVRKKFDKYBZRFV04QR0M,t
01J1QQQ1M2N05PR409AF0V340X,"spiky at the top, sharp",01J1QQKAWCNC6D92WMQZWJ0Q2K,t
01J1QQQ1MBDFSNNH1C28XMTWRC,like a chalice,01J1QPMVRKKFDKYBZRFV04QR0M,t
01J1QQQ1MZ0H681PA67Y9PNR9C,sharp at top,01J1QQKAWCNC6D92WMQZWJ0Q2K,t
01J1QQQ1N88GN00N10RDEVZ9A4,v cut out at bottom,01J1QQKAWCNC6D92WMQZWJ0Q2K,t
01J1QQQ1NGS2RCZQ4DTWK8WVFC,square tops,01J1QPMVRKKFDKYBZRFV04QR0M,t
01J1QQQ1NX4PMFBK5Z8JXF6XAS,square tops,01J1QQKAWCNC6D92WMQZWJ0Q2K,t
01J1QQQ1P6E51HJ1BVXHACZY56,looks like an eagle,01J1QQKAWCNC6D92WMQZWJ0Q2K,t
01J1QQQ1PDAEAH87Y0N5A7D5A8,eagle,01J1QPMVRKKFDKYBZRFV04QR0M,t
01J1QQQ1PNR6CFGMFXB95MV58H,rose,01J1QPMVRKKFDKYBZRFV04QR0M,t
01J1QQQ1PX79CS84TEBXPMSVN7,v cut at bottom,01J1QQKAWCNC6D92WMQZWJ0Q2K,t
01J1QQQ1Q48ZME47WA95F5JWAP,chalice,01J1QPMVRKKFDKYBZRFV04QR0M,t
01J1QQQ1QGMDVZRYR6JTFB2V1J,eagle,01J1QPMVRKKFDKYBZRFV04QR0M,t
01J1QQQ1QSTENV89Q5EYBHTZND,non symmetrical,01J1QPMVRKKFDKYBZRFV04QR0M,t
01J1QQQ1R2VX6DG8AP43TB5JEM,rose,01J1QPMVRKKFDKYBZRFV04QR0M,t
01J1QQQ1RBYB1PZVE2WN3MM34E,rose,01J1QPMVRKKFDKYBZRFV04QR0M,t
01J1QQQ1RKQSZ3ZQSZGNFRX937,square tops,01J1QPMVRKKFDKYBZRFV04QR0M,t
01J1QQQ1RVC9YQSGGWX906T3NC,sharp top,01J1QQKAWCNC6D92WMQZWJ0Q2K,t
01J1QQQ1S268WW8JN3X10N683D,sharp at top,01J1QQKAWCNC6D92WMQZWJ0Q2K,t
01J1QQQ1SAVCQ4KEEW1QYJM548,rose,01J1QPMVRKKFDKYBZRFV04QR0M,t
01J1QQQ1SK65VG0CGDEY75VKJA,sharp at top,01J1QQKAWCNC6D92WMQZWJ0Q2K,t
01J1QQQ1ST23HDE429RSMYZ2XR,square tops,01J1QQKAWCNC6D92WMQZWJ0Q2K,t
01J1QQQ1T4X8456WW2Q8PERKXJ,sharp top,01J1QQKAWCNC6D92WMQZWJ0Q2K,t
01J1QQQ1TDYBN06222BGVZS4K1,chalice,01J1QPMVRKKFDKYBZRFV04QR0M,t
01J1QQQ1TM230B99P7H66AYVC3,looks like a head,01J1QQKAWCNC6D92WMQZWJ0Q2K,t
01J1QQQ1TWHYGYYHPBX558JGTQ,head,01J1QQKAWCNC6D92WMQZWJ0Q2K,t
01J1QQQ1V3FA9RH40ZQAKNPT1W,sharp tops,01J1QPMVRKKFDKYBZRFV04QR0M,t
01J1QQQ1VBN1VHYMXQK7FVFFTN,eagle,01J1QQKAWCNC6D92WMQZWJ0Q2K,t
01J1QQQ1VTXDCKGNEVBCQZ62Y1,square tops,01J1QPMVRKKFDKYBZRFV04QR0M,t
01J1QQQ1W330HR22SJETVT2DPA,eagle,01J1QQKAWCNC6D92WMQZWJ0Q2K,t
01J1QQQ1W9VA189AZZ3ZZ06ZVX,three square tops,01J1QPMVRKKFDKYBZRFV04QR0M,t
01J1QQQ1WJTX293WZACVW1NSBE,square tops,01J1QQKAWCNC6D92WMQZWJ0Q2K,t
01J1QQQ1WT0GHFGE5W4B5FPYHW,rose,01J1QPMVRKKFDKYBZRFV04QR0M,t
01J1QQQ1X2M3XV62A7H5H77NJF,v cut,01J1QPMVRKKFDKYBZRFV04QR0M,t
01J1QQQ1XAHR23YWK9B6SSWR4G,square tops,01J1QQKAWCNC6D92WMQZWJ0Q2K,t
01J1QQQ1XK4AT32ENTJZMPTGTA,looks like a head and shoulders,01J1QPMVRKKFDKYBZRFV04QR0M,t
01J1QQQ1XWBTH9K575F91DN69Z,v cut at bottom,01J1QQKAWCNC6D92WMQZWJ0Q2K,t
01J1QQQ1Y56MG3G0135H37JX32,sharp tops,01J1QPMVRKKFDKYBZRFV04QR0M,t
01J1QR662H9WKVP0NZF4M3N17Z,Looks like a vase,01J1QR2HT24AKE7JX92ZR1W6VW,t
01J1QR663953YCT2BTNV2TRJ0M,castletop,01J1QR2HT24AKE7JX92ZR1W6VW,t
01J1QR663TFKSGSM5B5PDB1N90,The target looks like a broken vase.,01J1QR0NNX3XKTWMQVWJ9M6XEV,t
01J1QR664AD88PBVQS0D8GVXVE,Hi! the target looks human,01J1QR2HT24AKE7JX92ZR1W6VW,t
01J1QR664N1J1JBS36RN5GWBCD,Looks like a fish with it's mouth open pointing downwards.,01J1QR0NNX3XKTWMQVWJ9M6XEV,t
01J1QR6651QXGYK63T8PTWY018,Similar to the one last round. Fish with the mouth downard,01J1QR2HT24AKE7JX92ZR1W6VW,t
01J1QR665C92ZR7RD8YH576YPP,Looks like a castle with a missing corner.,01J1QR0NNX3XKTWMQVWJ9M6XEV,t
01J1QR665N5A4FG2EAD74EWWDB,Has a missing corner bottom right,01J1QR2HT24AKE7JX92ZR1W6VW,t
01J1QR66602X12BD6XBZ85A3J2,Same castle shape but with missing triangle in the bottom,01J1QR0NNX3XKTWMQVWJ9M6XEV,t
01J1QR666A0T6HBN7VG1Y409YZ,Cup with three triangles on the top,01J1QR2HT24AKE7JX92ZR1W6VW,t
01J1QR666NJDP135KCCQVB7463,Triangle on top and fish mouth pointing down,01J1QR2HT24AKE7JX92ZR1W6VW,t
01J1QR666YSVNKPACXWW9G6G9H,Has 14 corners,01J1QR0NNX3XKTWMQVWJ9M6XEV,t
01J1QR667A1NYQND8J11XQF8T8,Same castle shape,01J1QR0NNX3XKTWMQVWJ9M6XEV,t
01J1QR667A1NYQND8J11XQF8T8,Not sure why it isn't clicking,01J1QR2HT24AKE7JX92ZR1W6VW,f
01J1QR667MVW6E1X972TW7Z9V9,Fish mouth pointing down,01J1QR2HT24AKE7JX92ZR1W6VW,t
01J1QR6686C092G9HJF8S5E45S,Triangle on top with bottom right corner missing,01J1QR2HT24AKE7JX92ZR1W6VW,t
01J1QR668SFBF8AV9MW0FSMKQ2,fish mouth pointing down,01J1QR2HT24AKE7JX92ZR1W6VW,t
01J1QR669CMJ16YNRBBMY34YJB,Looks like a human,01J1QR0NNX3XKTWMQVWJ9M6XEV,t
01J1QR669YKCE7DJ1VG8H01864,3 triangles on top,01J1QR0NNX3XKTWMQVWJ9M6XEV,t
01J1QR66AHDR32X5JP3PYYPAVR,Human,01J1QR0NNX3XKTWMQVWJ9M6XEV,t
01J1QR66AVJV0H5F7PYVJTFSQS,Looks like a vase,01J1QR2HT24AKE7JX92ZR1W6VW,t
01J1QR66B7E91CHV0N8YJ0ZPKN,Looks like a torch/staff. Narrows towards the bottom,01J1QR2HT24AKE7JX92ZR1W6VW,t
01J1QR66BHM15ND233H7MXDV41,bottom right corner missing,01J1QR2HT24AKE7JX92ZR1W6VW,t
01J1QR66BVCZQ8VVXTQCPY704Z,Castle top,01J1QR0NNX3XKTWMQVWJ9M6XEV,t
01J1QR66C75V68YMP1JDZRYQ65,Castle top,01J1QR0NNX3XKTWMQVWJ9M6XEV,t
01J1QR66CKCM8KJ9CVXMTV6X4T,3 triangles on top,01J1QR0NNX3XKTWMQVWJ9M6XEV,t
01J1QR66CY0D05P3BXGW6751MP,missing bottom right corner,01J1QR2HT24AKE7JX92ZR1W6VW,t
01J1QR66DAEJXDGP3XB2F2AYSN,missing bottom right corner,01J1QR2HT24AKE7JX92ZR1W6VW,t
01J1QR66DPB1BHZKXNVJGS17SH,Fish mouth pointing down,01J1QR0NNX3XKTWMQVWJ9M6XEV,t
01J1QR66E3VCAKB30103B6731M,fish mouth pointing downward,01J1QR2HT24AKE7JX92ZR1W6VW,t
01J1QR66EF2FHC48JGPRT92021,Castle top,01J1QR0NNX3XKTWMQVWJ9M6XEV,t
01J1QR66EXY6W0PRE3KHDTG2W9,human,01J1QR0NNX3XKTWMQVWJ9M6XEV,t
01J1QR66F8CY7R5Z4EPPZ352G1,torch/staff,01J1QR2HT24AKE7JX92ZR1W6VW,t
01J1QR66FNGQKR4C4Q02N616YX,missing bottom right,01J1QR0NNX3XKTWMQVWJ9M6XEV,t
01J1QR66G4N9H956PCEMJPSDJB,3 triangles on top,01J1QR0NNX3XKTWMQVWJ9M6XEV,t
01J1QR66GK48NEW3GNPC1DNB4M,Missing bottom right corner,01J1QR0NNX3XKTWMQVWJ9M6XEV,t
01J1QR66GYHKV7PZKRZZYJR0C4,missing bottom right,01J1QR2HT24AKE7JX92ZR1W6VW,t
01J1QR66HB506EPH5TS8R7KH1V,fish mouth pointing downward,01J1QR2HT24AKE7JX92ZR1W6VW,t
01J1QR66HNWPMAR5977RENEPNM,castle top,01J1QR2HT24AKE7JX92ZR1W6VW,t
01J1QR66J8FNACCR85VCGBRRW6,3 triangles on top,01J1QR0NNX3XKTWMQVWJ9M6XEV,t
01J1QR66JN4HYJRCYXZBE7480N,triangles on top,01J1QR2HT24AKE7JX92ZR1W6VW,t
01J1QR66K2QGS7CD8827NY0S2V,vase,01J1QR0NNX3XKTWMQVWJ9M6XEV,t
01J1QR66KE3SVMNAAJC0YJV80R,castle top,01J1QR0NNX3XKTWMQVWJ9M6XEV,t
01J1QR66KTC1C470TZ0WHK8P1M,torch,01J1QR2HT24AKE7JX92ZR1W6VW,t
01J1QR66M8MHZP1SGTAN81AVHR,castletop,01J1QR2HT24AKE7JX92ZR1W6VW,t
01J1QR66MNXN3258NPCEXG6YRV,torch,01J1QR0NNX3XKTWMQVWJ9M6XEV,t
01J1QR66N196818JFCFJQEPPR9,missing bottom right,01J1QR2HT24AKE7JX92ZR1W6VW,t
01J1QR66N98TV3Q1BCEWG3KKK5,missing bottom right,01J1QR0NNX3XKTWMQVWJ9M6XEV,t
01J1QR66NN1ZDMQDTVX6YSM5V6,3 triangle top,01J1QR0NNX3XKTWMQVWJ9M6XEV,t
01J1QR66P1QBW2R5ES56W5V4C2,castletop,01J1QR2HT24AKE7JX92ZR1W6VW,t
01J1QR66PBXTVD93X5NJM70B06,triangle on top,01J1QR2HT24AKE7JX92ZR1W6VW,t
01J1QR66PRJR7PT6S03W3Z1XQR,missing bottom right,01J1QR0NNX3XKTWMQVWJ9M6XEV,t
01J1QR66Q31RRDRQS3HDT30R8D,castle top,01J1QR0NNX3XKTWMQVWJ9M6XEV,t
01J1QR66QFWA2X5MT63CVXM45K,fish pointing down,01J1QR0NNX3XKTWMQVWJ9M6XEV,t
01J1QR66QYF2ZK4DG936EB6919,3 triangle top,01J1QR0NNX3XKTWMQVWJ9M6XEV,t
01J1QR66R9JPT80C5ZZSWDYED2,3 triangles on top,01J1QR2HT24AKE7JX92ZR1W6VW,t
01J1QR66RMS2AKJG06W8X5YPAY,Cup shaped like a castle wall (rectangles) as holes,01J1QR2HT24AKE7JX92ZR1W6VW,t
01J1QR66S01QVWJ1XKXS3P5G6T,human,01J1QR0NNX3XKTWMQVWJ9M6XEV,t
01J1QR66SE4BZ7EA3A6SREGFYK,torch,01J1QR0NNX3XKTWMQVWJ9M6XEV,t
01J1QR66SSAMKAMHBY5X4GD7RC,castletop,01J1QR2HT24AKE7JX92ZR1W6VW,t
01J1QR66TNNKC157E1RR9X76YN,missing bottom right,01J1QR0NNX3XKTWMQVWJ9M6XEV,t
01J1QR66V0MVR8GBP8X69760Q7,missing bottom right corner,01J1QR2HT24AKE7JX92ZR1W6VW,t
01J1QR66VECE02VB0N5PJ8RCYT,fish pointing down,01J1QR2HT24AKE7JX92ZR1W6VW,t
01J1QR66VS21RSM6TFXKZY78QJ,human,01J1QR0NNX3XKTWMQVWJ9M6XEV,t
01J1QR66W5FG0Y5NRW9N1VTSGS,vase,01J1QR2HT24AKE7JX92ZR1W6VW,t
01J1QRJ3MT1BWC1Q862AJY95SK,looks like a candle holder,01J1QR9GV9G66564H70SZH74RX,t
01J1QRJ3NFNQZXFG4FKMRHN78C,looks like the silhouette of lord farquad from shrek- when he is wearing his crown,01J1QR98XPXSB0MS7PX3JV694M,t
01J1QRJ3NFNQZXFG4FKMRHN78C,Hi,01J1QR9GV9G66564H70SZH74RX,f
01J1QRJ3P0BXSCDHEA00GN1AW5,3 squares at top with trapezoid cut out on bottom right,01J1QR98XPXSB0MS7PX3JV694M,t
01J1QRJ3PDN0XR8Q99P6ZSDT0A,3 squares on top as it goes down it has arms on the side,01J1QR9GV9G66564H70SZH74RX,t
01J1QRJ3Q9PPDQH6V1VBTJRC6B,13 total sides- looks like the side profile of a lego piece with a section missing on the bottom right,01J1QR98XPXSB0MS7PX3JV694M,t
01J1QRJ3QVRTE2DKVX31WQ5T43,three triangles on top- spiky- then the bottom has a missing triangle,01J1QR98XPXSB0MS7PX3JV694M,t
01J1QRJ3RESJ0WJHHQYSG0KCS0,crown like on top then as it goes down it looks like it has arms on the side,01J1QR9GV9G66564H70SZH74RX,t
01J1QRJ3S0R2VAX8JGWYX7Q8BX,Triangle at the bottom with 3 squares on top,01J1QR9GV9G66564H70SZH74RX,t
01J1QRJ3SNT722G1S6RZHRBEVS,flat top fans out to a triangle and has arms,01J1QR9GV9G66564H70SZH74RX,t
01J1QRJ3T6W2B6K7B38993FB1G,"flat top, pinches in, fans out and doesn't have flat bottom- has a piece missing from bottom right",01J1QR98XPXSB0MS7PX3JV694M,t
01J1QRJ3TQEF7A5DMEWVBCX5ZT,looks like the silhouette of darth vader- bottom half looks like a neck and top of shoulders,01J1QR98XPXSB0MS7PX3JV694M,t
01J1QRJ3V8SF9RZZEQQ1D84HAZ,3 squares on top bottom is a triangle bottom,01J1QR9GV9G66564H70SZH74RX,t
01J1QRJ3VVZ5ZCBHBTY7AMAGWS,straight on  top goes down it fans out and out arms square bottom,01J1QR9GV9G66564H70SZH74RX,t
01J1QRJ3WDGCPVPQHKG1DBTZ03,3 squares on top and has a missing triangle at the bottom,01J1QR9GV9G66564H70SZH74RX,t
01J1QRJ3WZWATR7PH5WYK28F48,top is upside down triangle fans out and bottom in cut out like a triangle,01J1QR9GV9G66564H70SZH74RX,t
01J1QRJ3XFDT5FENZWQE22WQKX,"flat top full across top of image , the bottom looks like it has little arms",01J1QR98XPXSB0MS7PX3JV694M,t
01J1QRJ3YAPA8BCRQPEGTWANX8,"three triangles on top, then missing a trapezoid piece in the bottom right",01J1QR98XPXSB0MS7PX3JV694M,t
01J1QRJ3YSTXXGQDMKK8A0C590,"flat top, then missing triangle on bottom half",01J1QR98XPXSB0MS7PX3JV694M,t
01J1QRJ3ZGJAYJSVGD35G1HVRV,lord farquad from shrek silhouette,01J1QR98XPXSB0MS7PX3JV694M,t
01J1QRJ3ZGJAYJSVGD35G1HVRV,lol,01J1QR9GV9G66564H70SZH74RX,f
01J1QRJ401P36W2BMN9CJ3CQ57,crown like on top then its square with a piece missing in the corner,01J1QR9GV9G66564H70SZH74RX,t
01J1QRJ40KD6F1N24M7EFXM4R1,"three triangles on top in middle, then bottom half looks like arms and square body",01J1QR98XPXSB0MS7PX3JV694M,t
01J1QRJ414Z0PPPWT2YF976END,crown like on top then goes to a square and a triangle missing at the bottom,01J1QR9GV9G66564H70SZH74RX,t
01J1QRJ41NJAPFEJVS0Q1EX8WZ,smooth top and it fans out triangle cut in the bottom,01J1QR9GV9G66564H70SZH74RX,t
01J1QRJ4264HB8GCN1Y7TQWA9V,triangles on top straight sides and triangle bottom,01J1QR9GV9G66564H70SZH74RX,t
01J1QRJ42RSYV1J67V0G40PVBQ,3 squares on top further down looks like arms and a square bottom,01J1QR9GV9G66564H70SZH74RX,t
01J1QRJ436KAGET4P4F2TKAVN2,no crown- bottom half looks like a neck and top of someone's shoulders,01J1QR98XPXSB0MS7PX3JV694M,t
01J1QRJ43P2FW388JE289WV4RW,"kinda looks like a lego piece, but bottom half has triangle cut out of the bottom",01J1QR98XPXSB0MS7PX3JV694M,t
01J1QRJ443FAJSQ9VQG5VG0G3G,like a side profile of a penguin but its NOT flat top,01J1QR9GV9G66564H70SZH74RX,t
01J1QRJ44M28K6YF20GXY9DAJ2,crown like on top goes down to a triangle bottom,01J1QR9GV9G66564H70SZH74RX,t
01J1QRJ453TKYCTC2SVFWQHA2E,"completely flat top, pinches in, then bottom looks like theres a piece missing- bottom right",01J1QR98XPXSB0MS7PX3JV694M,t
01J1QRJ45P9HQKHGJE7F0G4P8K,no crown on top- bottom half looks like tiny arms and square body,01J1QR98XPXSB0MS7PX3JV694M,t
01J1QRJ467PB5D9RXWMXVE9J6X,three squares on top- missing piece in bottom right,01J1QR98XPXSB0MS7PX3JV694M,t
01J1QRJ46RSTGBDTJ0X4TCGB39,flat top on the top goes down to a body and arms,01J1QR9GV9G66564H70SZH74RX,t
01J1QRJ47953MH30103BS1Z58Q,"kind of rounded on the top and then fans out, triangle missing at the bottom",01J1QR9GV9G66564H70SZH74RX,t
01J1QRJ47TQAE8BCF1PZ3CAZ25,three triangles on top- then bottom half looks like neck and top of shoulders,01J1QR98XPXSB0MS7PX3JV694M,t
01J1QRJ489EFN7BECF0ZK6ET6M,rounded on top again kind of looks like a side profile of a penguin,01J1QR9GV9G66564H70SZH74RX,t
01J1QRJ48N2P797MYN7QPKACW7,looks like a head neck and shoulders rounded at the top,01J1QR9GV9G66564H70SZH74RX,t
01J1QRJ496KY9GG5D2W6DWP40S,kinda rounded top- then goes to tiny arms aquare body,01J1QR98XPXSB0MS7PX3JV694M,t
01J1QRJ49TX9SQCH1TRC0W20WQ,three rectangle/square on top then tiny arms square body,01J1QR98XPXSB0MS7PX3JV694M,t
01J1QRJ4ADRB7FXVA38HE9JD28,three triangles on top- bottom is almost fully blacked out but it's missing a piece in the bottom right corner,01J1QR98XPXSB0MS7PX3JV694M,t
01J1QRJ4B1YN24S4KWMKJ8M24C,three squares on top- bottom looks like neck and shoulders,01J1QR98XPXSB0MS7PX3JV694M,t
01J1QRJ4BHYDKAS3VQVHYE7MRA,crown on top missing triangle at the bottom,01J1QR9GV9G66564H70SZH74RX,t
01J1QRJ4C3MZEG4BTW0FGKYX97,"flat top, triangle missing at the bottom",01J1QR9GV9G66564H70SZH74RX,t
01J1QRJ4CZBP9HC5R4S4HYDSP3,like a castle but missing triangle at bottom,01J1QR98XPXSB0MS7PX3JV694M,t
01J1QRJ4DJFC2H0VH328S30636,crown on top- tiny arms and square body on bottom,01J1QR98XPXSB0MS7PX3JV694M,t
01J1QRJ4E2TBP0TGXYBH4DV8S9,head goes down to neck and shoulders,01J1QR9GV9G66564H70SZH74RX,t
01J1QRJ4EMH3HSQV5TGPA1TP1R,flat top- tiny arms and body,01J1QR98XPXSB0MS7PX3JV694M,t
01J1QRJ4F5AWG5CQRX87YGCSKE,side profile of a penguin with a flat top,01J1QR9GV9G66564H70SZH74RX,t
01J1QRJ4FNNE1KWKXEBTCYQV04,flat top- then bottom looks like neck and top of shoulders,01J1QR98XPXSB0MS7PX3JV694M,t
01J1QRJ4G8P028AS4EZXRY4Y1N,3 squares on top with a missing piece bottom right,01J1QR9GV9G66564H70SZH74RX,t
01J1QRJ4GR3A14HVEATS07VGGY,flat top side profile of penguin,01J1QR9GV9G66564H70SZH74RX,t
01J1QRJ4HA4EWW76JYPKE6M6Q3,flat top- bottom is missing triangle,01J1QR98XPXSB0MS7PX3JV694M,t
01J1QRJ4HZRHXW8J98VRQ4X88T,crown on top with a missing triangle at the botom,01J1QR9GV9G66564H70SZH74RX,t
01J1QRJ4JGPNP2HB6N6ETJM40H,roundish top fans out triangle missing at bottom,01J1QR9GV9G66564H70SZH74RX,t
01J1QRJ4K267961EPAC58C8261,rounded top- bottom arms and body,01J1QR98XPXSB0MS7PX3JV694M,t
01J1QRJ4KJR38GHATX4RRDC8S8,3 squares on top- neck and top of shoulders on bottom,01J1QR98XPXSB0MS7PX3JV694M,t
01J1QRJ4M1C9BW4QAD0T4PE5PC,lord farquad headshot,01J1QR98XPXSB0MS7PX3JV694M,t
01J1QRJ4MGZ35VAHKT7WX96NFD,crown on top then arms and body,01J1QR9GV9G66564H70SZH74RX,t
01J1QRJ4N03DXYWZGB61E24WQC,side profile of penguin rounded top,01J1QR9GV9G66564H70SZH74RX,t
01J1QRJ4NESSE2CTHT1ECN5FH9,crown on top then goes to neck and shoulders,01J1QR9GV9G66564H70SZH74RX,t
01J1QRJ4NWE6C3EM5X4ZWFBS5T,crown on top then square bottom but with missing piece bottom right,01J1QR98XPXSB0MS7PX3JV694M,t
01J1QRJ4P995PNT9T56G41JM9W,like a castle but missing triangle on bottom,01J1QR98XPXSB0MS7PX3JV694M,t
01J1QRJ4PTZ6HBG2CY7FVF22ZZ,3 squares on top then goes down to arms and a body,01J1QR9GV9G66564H70SZH74RX,t
01J1QRJ4QTMSCP752A0FTHDZ1Q,castle but with missing piece on bottom right,01J1QR98XPXSB0MS7PX3JV694M,t
01J1QSH2RWTX6B97JXT01Q8AH3,Does it look like a head?,01J1QS2KRRWD8J83308W83QRTG,f
01J1QSH2RWTX6B97JXT01Q8AH3,the symbol is symmetrical with two rectangles sticking up,01J1QSCH3A0KAXTVJH7PVJCCNY,t
01J1QSH2SKQEGTJX6QX4QC3H3E,my one has one targe point in the middle top and looks like a hat,01J1QS2KRRWD8J83308W83QRTG,t
01J1QSH2SKQEGTJX6QX4QC3H3E,it does NOT look like a pitch form or the two animals,01J1QS2KRRWD8J83308W83QRTG,t
01J1QSH2T8P4T9SDXYVDR4K5W1,does the bottom look like a bow or ribbon?,01J1QS2KRRWD8J83308W83QRTG,f
01J1QSH2T8P4T9SDXYVDR4K5W1,symetrical - the top is a downward pointing arrow,01J1QSCH3A0KAXTVJH7PVJCCNY,t
01J1QSH2T8P4T9SDXYVDR4K5W1,"yes - and I mean arrow, not triangle",01J1QSCH3A0KAXTVJH7PVJCCNY,t
01J1QSH2V9BWTDHHPCQW70HHM3,looks like it has a small hat on the left of his head,01J1QS2KRRWD8J83308W83QRTG,t
01J1QSH2VYYKKP9AQ9HK64JX6D,does it have spiky hair?,01J1QS2KRRWD8J83308W83QRTG,f
01J1QSH2VYYKKP9AQ9HK64JX6D,like a bird of prey,01J1QSCH3A0KAXTVJH7PVJCCNY,t
01J1QSH2VYYKKP9AQ9HK64JX6D,with a beak to the right,01J1QSCH3A0KAXTVJH7PVJCCNY,t
01J1QSH2VYYKKP9AQ9HK64JX6D,yes,01J1QSCH3A0KAXTVJH7PVJCCNY,t
01J1QSH2WY1GZJV339WREJDKT0,it looks like a cannon with a rectangle on top of the tip,01J1QS2KRRWD8J83308W83QRTG,t
01J1QSH2XXNS98MGHX9YC1HZPB,need more,01J1QS2KRRWD8J83308W83QRTG,f
01J1QSH2XXNS98MGHX9YC1HZPB,like an arrow pointing up and to the left,01J1QSCH3A0KAXTVJH7PVJCCNY,t
01J1QSH2XXNS98MGHX9YC1HZPB,it has three points on the bottom,01J1QSCH3A0KAXTVJH7PVJCCNY,t
01J1QSH2YJV3D0HRHRGTVPD23P,like a dog or wolf,01J1QSCH3A0KAXTVJH7PVJCCNY,t
01J1QSH2Z76SHK88YRZ6NYW8KV,it has an upside down triangle on top,01J1QS2KRRWD8J83308W83QRTG,t
01J1QSH2Z76SHK88YRZ6NYW8KV,nw,01J1QS2KRRWD8J83308W83QRTG,t
01J1QSH2Z76SHK88YRZ6NYW8KV,sorry I meant up and to the right,01J1QSCH3A0KAXTVJH7PVJCCNY,f
01J1QSH2ZRPV5X4Q8X0P4661X9,looks like a person,01J1QS2KRRWD8J83308W83QRTG,t
01J1QSH30P8A6GYHKD07NMB92K,does it have four points on the bottom?,01J1QS2KRRWD8J83308W83QRTG,f
01J1QSH30P8A6GYHKD07NMB92K,not symetrical,01J1QSCH3A0KAXTVJH7PVJCCNY,t
01J1QSH30P8A6GYHKD07NMB92K,no,01J1QSCH3A0KAXTVJH7PVJCCNY,t
01J1QSH31A4MYEFAGVEYNZG7VR,the four points on the bottom,01J1QS2KRRWD8J83308W83QRTG,t
01J1QSH320X573VV2F01JVPSZG,not symetrical,01J1QSCH3A0KAXTVJH7PVJCCNY,t
01J1QSH320X573VV2F01JVPSZG,not the cannon,01J1QSCH3A0KAXTVJH7PVJCCNY,t
01J1QSH32HJ3AJ2QHBM759H97T,pitchfork,01J1QS2KRRWD8J83308W83QRTG,t
01J1QSH330JCVHFQWCQW4YQTVW,symmetrical,01J1QSCH3A0KAXTVJH7PVJCCNY,t
01J1QSH33J37DWA8R3N34YGDG7,four points on bottom,01J1QSCH3A0KAXTVJH7PVJCCNY,t
01J1QSH343XEASP698DAR6R1TH,it is not symetrical and has something poking to the left,01J1QS2KRRWD8J83308W83QRTG,t
01J1QSH343XEASP698DAR6R1TH,its a diagonal line going from top left to bottom right,01J1QS2KRRWD8J83308W83QRTG,t
01J1QSH343XEASP698DAR6R1TH,no,01J1QS2KRRWD8J83308W83QRTG,t
01J1QSH343XEASP698DAR6R1TH,niceeee,01J1QS2KRRWD8J83308W83QRTG,t
01J1QSH343XEASP698DAR6R1TH,is it wearing a hat?,01J1QSCH3A0KAXTVJH7PVJCCNY,f
01J1QSH34PYGQY3FP6M75YTS36,the aligator,01J1QS2KRRWD8J83308W83QRTG,t
01J1QSH34PYGQY3FP6M75YTS36,looks like it got a mouth,01J1QS2KRRWD8J83308W83QRTG,t
01J1QSH35TAWJG1FW4X1NMY5P4,the one with the hat,01J1QSCH3A0KAXTVJH7PVJCCNY,t
01J1QSH36G13MC0DYGQX53M7FG,the upside down triangle,01J1QS2KRRWD8J83308W83QRTG,t
01J1QSH3776JTD3D2RPFH4P3F2,the arrow pointing down,01J1QSCH3A0KAXTVJH7PVJCCNY,t
01J1QSH37V53EE6MYNXKZFMHRV,dog,01J1QSCH3A0KAXTVJH7PVJCCNY,t
01J1QSH38FXVPZ6M6T171EKDVQ,the cannon,01J1QS2KRRWD8J83308W83QRTG,t
01J1QSH38FXVPZ6M6T171EKDVQ,it looks like a gun,01J1QS2KRRWD8J83308W83QRTG,t
01J1QSH39036DWNY8HE8448TD0,pitchfork,01J1QS2KRRWD8J83308W83QRTG,t
01J1QSH39G1ZJYG2MFMP5FB4Z0,weird arrow pointing up and right,01J1QSCH3A0KAXTVJH7PVJCCNY,t
01J1QSH3A1D69WD39DKGP2576T,perfectly symetrical NOT the person,01J1QS2KRRWD8J83308W83QRTG,t
01J1QSH3AKTE7K6C1FGZX2GNJ4,the person,01J1QSCH3A0KAXTVJH7PVJCCNY,t
01J1QSH3B6EPX4SNSDDCHDWD9Z,the cannon,01J1QS2KRRWD8J83308W83QRTG,t
01J1QSH3BS5QTPTZNVFCEJ38A8,the thick diagonal line with the smaller line to the left,01J1QSCH3A0KAXTVJH7PVJCCNY,t
01J1QSH3CCCE9M3ET5D5GZNSBM,bird of prrey,01J1QSCH3A0KAXTVJH7PVJCCNY,t
01J1QSH3D0TPKTG6330H2CGG12,perfectly symmetrical not the person,01J1QS2KRRWD8J83308W83QRTG,t
01J1QSH3DQMMD3PZATBZK1YRX6,looks like a person wearing a giant hat NOT the small hat one,01J1QS2KRRWD8J83308W83QRTG,t
01J1QSH3DQMMD3PZATBZK1YRX6,its a triangle with the top pointing up,01J1QS2KRRWD8J83308W83QRTG,t
01J1QSH3EBRP1Q639VB0WTS0S5,the thick diagonal line with the thing poking left,01J1QS2KRRWD8J83308W83QRTG,t
01J1QSH3EZWXBMHTS2BGEYKH36,downward arrow on top,01J1QSCH3A0KAXTVJH7PVJCCNY,t
01J1QSH3FJSHX2KMZEREZAZBEB,symmetrical,01J1QSCH3A0KAXTVJH7PVJCCNY,t
01J1QSH3G41CEW6CBMQ2W3DDGX,dog,01J1QSCH3A0KAXTVJH7PVJCCNY,t
01J1QSH3GTNGKSQ5FKBMV7Y4VY,the cannon but this one has a 5 sided hat on it,01J1QS2KRRWD8J83308W83QRTG,t
01J1QSH3HGYKM0NTJDA7NNQXB7,bird of prey,01J1QSCH3A0KAXTVJH7PVJCCNY,t
01J1QSH3J6JEST4BPG78EWFKFP,downward triangle on top,01J1QSCH3A0KAXTVJH7PVJCCNY,t
01J1QSH3JT0PPRXN6B732MM70Z,pitchfork,01J1QS2KRRWD8J83308W83QRTG,t
01J1QSH3KB78NQV7EWED0YGQTA,four legs,01J1QS2KRRWD8J83308W83QRTG,t
01J1QSH3KX53A3AWEGJM8MPYAT,hat,01J1QSCH3A0KAXTVJH7PVJCCNY,t
01J1QSH3MEYDP7N2ZGQHHVBP51,person with giant hat,01J1QS2KRRWD8J83308W83QRTG,t
01J1QSH3MEYDP7N2ZGQHHVBP51,NOT the bird pitchfork or 4 legs,01J1QS2KRRWD8J83308W83QRTG,t
01J1QSH3MEYDP7N2ZGQHHVBP51,yeah,01J1QS2KRRWD8J83308W83QRTG,t
01J1QSH3MEYDP7N2ZGQHHVBP51,is it standing on one leg?,01J1QSCH3A0KAXTVJH7PVJCCNY,t
01J1QSH3N2M1KGXBFTK6KE8RMR,cannon,01J1QS2KRRWD8J83308W83QRTG,t
01J1QSH3NPC0X2DK6J1JNT106C,not person but symmetrical,01J1QSCH3A0KAXTVJH7PVJCCNY,t
01J1QSH3PA8R9FHGNE0C2GQBK3,person symmetrical,01J1QS2KRRWD8J83308W83QRTG,t
01J1QSH3PY91AA0WWWSXV62TAM,arrow up and left,01J1QSCH3A0KAXTVJH7PVJCCNY,t
01J1QSH3PY91AA0WWWSXV62TAM,right,01J1QSCH3A0KAXTVJH7PVJCCNY,t
01J1QSH3PY91AA0WWWSXV62TAM,sorry,01J1QSCH3A0KAXTVJH7PVJCCNY,t
01J1QSH3QGNPX16CRBQ350DQTQ,aligator,01J1QS2KRRWD8J83308W83QRTG,t
01J1QSH3RJKW3PG30749XEJ2QR,alligator,01J1QSCH3A0KAXTVJH7PVJCCNY,t
01J1QSH3S9800ZX8VEHHR94MCW,4 legs,01J1QS2KRRWD8J83308W83QRTG,t
01J1QSH3T1SBK3TMHA4T7M4K6Q,pitchfork,01J1QSCH3A0KAXTVJH7PVJCCNY,t
01J1QSH3TSN3HZ2K89NYW26ZT7,bird,01J1QSCH3A0KAXTVJH7PVJCCNY,t
01J1QSH3VFR2HDCNT3MEW22G9F,upside down triangle,01J1QS2KRRWD8J83308W83QRTG,t
01J1QSH3W4JZVFM7PJBH41H4SS,thick downard line from top left to bottom right,01J1QS2KRRWD8J83308W83QRTG,t
01J1QSH3WVRZQFRX2CN7AN2F4S,symmertical BUT it does NOT have two legs,01J1QS2KRRWD8J83308W83QRTG,t
01J1QSH3WVRZQFRX2CN7AN2F4S,it looks like the back of an arrow,01J1QS2KRRWD8J83308W83QRTG,t
01J1QSH3WVRZQFRX2CN7AN2F4S,no its one thing on top,01J1QS2KRRWD8J83308W83QRTG,t
01J1QSH3WVRZQFRX2CN7AN2F4S,rectangles on top?,01J1QSCH3A0KAXTVJH7PVJCCNY,f
01J1QSH3XGNJRVAKMPYYJAQGZC,dog,01J1QSCH3A0KAXTVJH7PVJCCNY,t
01J1QSH3YGSAZXKK9A19RSZVYZ,hat,01J1QSCH3A0KAXTVJH7PVJCCNY,t
01J1QSH3ZH8R65EDZV4F9JYFQR,cannon,01J1QS2KRRWD8J83308W83QRTG,t
01J1QSH40E9YJSE9XZFNRYYA8D,person,01J1QSCH3A0KAXTVJH7PVJCCNY,t
01J1QSH4103MC16EVTXAP5N2XF,arrow pointing up and right,01J1QSCH3A0KAXTVJH7PVJCCNY,t
01J1QSH41HE42YA14SXYH0M4FZ,downward arrow,01J1QS2KRRWD8J83308W83QRTG,t
01J1QSH420A9RGZVBM126KMVTS,symmetrical not pitchfork,01J1QSCH3A0KAXTVJH7PVJCCNY,t
01J1QSH42J2SPWBKE3F7DQ8AB3,cannon,01J1QS2KRRWD8J83308W83QRTG,t
01J1QSH42J2SPWBKE3F7DQ8AB3,we did good,01J1QS2KRRWD8J83308W83QRTG,t
01J1QSH42J2SPWBKE3F7DQ8AB3,I think we've done quite well - I'm glad I had you as my partner - thanks!,01J1QSCH3A0KAXTVJH7PVJCCNY,f
01J1QSH43QXHZB2Y7WD3898EAV,the giant hat,01J1QS2KRRWD8J83308W83QRTG,t